400ID,Provider ID,Provider Class Name
-213,-213,zmaster587.advancedRocketry.world.provider.WorldProviderSpace
-112,-112,com.rwtema.extrautils.worldgen.endoftime.WorldProviderEndOfTime
-100,-100,com.rwtema.extrautils.worldgen.Underdark.WorldProviderUnderdark
-42,-42,thaumcraft.common.lib.world.dim.WorldProviderOuter
-39,-39,com.emoniph.witchery.dimension.WorldProviderMirror
-38,-38,com.emoniph.witchery.dimension.WorldProviderTorment
-37,-37,com.emoniph.witchery.dimension.WorldProviderDreamWorld
-19,-19,thaumic.tinkerer.common.dim.WorldProviderBedrock
-3,15,cr0s.warpdrive.world.HyperSpaceWorldProvider
-2,14,cr0s.warpdrive.world.SpaceWorldProvider
-1,-1,biomesoplenty.common.world.WorldProviderBOPHell
0,0,biomesoplenty.common.world.WorldProviderSurfaceBOP
1,1,net.minecraft.world.WorldProviderEnd
7,-777,twilightforest.world.WorldProviderTwilightForest
377,377,zmaster587.advancedRocketry.world.provider.WorldProviderPlanet
379,379,zmaster587.advancedRocketry.world.provider.WorldProviderPlanet
380,380,zmaster587.advancedRocketry.world.provider.WorldProviderPlanet
381,381,zmaster587.advancedRocketry.world.provider.WorldProviderPlanet
382,382,zmaster587.advancedRocketry.world.provider.WorldProviderPlanet
383,383,zmaster587.advancedRocketry.world.provider.WorldProviderPlanet
384,384,zmaster587.advancedRocketry.world.provider.WorldProviderPlanet
385,385,zmaster587.advancedRocketry.world.provider.WorldProviderPlanet
386,386,zmaster587.advancedRocketry.world.provider.WorldProviderPlanet
387,387,zmaster587.advancedRocketry.world.provider.WorldProviderPlanet
388,388,zmaster587.advancedRocketry.world.provider.WorldProviderPlanet
389,389,zmaster587.advancedRocketry.world.provider.WorldProviderPlanet
390,390,zmaster587.advancedRocketry.world.provider.WorldProviderPlanet
391,391,zmaster587.advancedRocketry.world.provider.WorldProviderPlanet
392,392,zmaster587.advancedRocketry.world.provider.WorldProviderPlanet
393,393,zmaster587.advancedRocketry.world.provider.WorldProviderPlanet
394,394,zmaster587.advancedRocketry.world.provider.WorldProviderPlanet
395,395,zmaster587.advancedRocketry.world.provider.WorldProviderPlanet
396,396,zmaster587.advancedRocketry.world.provider.WorldProviderPlanet
397,397,zmaster587.advancedRocketry.world.provider.WorldProviderPlanet
398,398,zmaster587.advancedRocketry.world.provider.WorldProviderPlanet
399,399,zmaster587.advancedRocketry.world.provider.WorldProviderPlanet
400,400,zmaster587.advancedRocketry.world.provider.WorldProviderPlanet
401,401,zmaster587.advancedRocketry.world.provider.WorldProviderPlanet
402,402,zmaster587.advancedRocketry.world.provider.WorldProviderPlanet
403,403,zmaster587.advancedRocketry.world.provider.WorldProviderPlanet
404,404,zmaster587.advancedRocketry.world.provider.WorldProviderPlanet
405,405,zmaster587.advancedRocketry.world.provider.WorldProviderPlanet
406,406,zmaster587.advancedRocketry.world.provider.WorldProviderPlanet
407,407,zmaster587.advancedRocketry.world.provider.WorldProviderPlanet
408,408,zmaster587.advancedRocketry.world.provider.WorldProviderPlanet
409,409,zmaster587.advancedRocketry.world.provider.WorldProviderPlanet
410,410,zmaster587.advancedRocketry.world.provider.WorldProviderPlanet
411,411,zmaster587.advancedRocketry.world.provider.WorldProviderPlanet
412,412,zmaster587.advancedRocketry.world.provider.WorldProviderPlanet
413,413,zmaster587.advancedRocketry.world.provider.WorldProviderPlanet
414,414,zmaster587.advancedRocketry.world.provider.WorldProviderPlanet
415,415,zmaster587.advancedRocketry.world.provider.WorldProviderPlanet
416,416,zmaster587.advancedRocketry.world.provider.WorldProviderPlanet
417,417,zmaster587.advancedRocketry.world.provider.WorldProviderPlanet
418,418,zmaster587.advancedRocketry.world.provider.WorldProviderPlanet
419,419,zmaster587.advancedRocketry.world.provider.WorldProviderPlanet
420,420,zmaster587.advancedRocketry.world.provider.WorldProviderPlanet
421,421,zmaster587.advancedRocketry.world.provider.WorldProviderPlanet
422,422,zmaster587.advancedRocketry.world.provider.WorldProviderPlanet
423,423,zmaster587.advancedRocketry.world.provider.WorldProviderPlanet
424,424,zmaster587.advancedRocketry.world.provider.WorldProviderPlanet
425,425,zmaster587.advancedRocketry.world.provider.WorldProviderPlanet
426,426,zmaster587.advancedRocketry.world.provider.WorldProviderPlanet
427,427,zmaster587.advancedRocketry.world.provider.WorldProviderPlanet
428,428,zmaster587.advancedRocketry.world.provider.WorldProviderPlanet
429,429,zmaster587.advancedRocketry.world.provider.WorldProviderPlanet
430,430,zmaster587.advancedRocketry.world.provider.WorldProviderPlanet
431,431,zmaster587.advancedRocketry.world.provider.WorldProviderPlanet
432,432,zmaster587.advancedRocketry.world.provider.WorldProviderPlanet
433,433,zmaster587.advancedRocketry.world.provider.WorldProviderPlanet
