Mod,ID,Name,Class Name
(global),1,Item,net.minecraft.entity.item.EntityItem
(global),2,XPOrb,net.minecraft.entity.item.EntityXPOrb
(global),3,soundEntity,crazypants.enderio.item.darksteel.SoundEntity
(global),4,rangeEntity,crazypants.enderio.machine.ranged.RangeEntity
(global),5,NuclearMonster,nc.entity.EntityNuclearMonster
(global),6,Paul,nc.entity.EntityPaul
(global),7,Brian,nc.entity.EntityBrian
(global),8,LeashKnot,net.minecraft.entity.EntityLeashKnot
(global),9,Painting,net.minecraft.entity.item.EntityPainting
(global),10,Arrow,net.minecraft.entity.projectile.EntityArrow
(global),11,Snowball,net.minecraft.entity.projectile.EntitySnowball
(global),12,Fireball,net.minecraft.entity.projectile.EntityLargeFireball
(global),13,SmallFireball,net.minecraft.entity.projectile.EntitySmallFireball
(global),14,ThrownEnderpearl,net.minecraft.entity.item.EntityEnderPearl
(global),15,EyeOfEnderSignal,net.minecraft.entity.item.EntityEnderEye
(global),16,ThrownPotion,net.minecraft.entity.projectile.EntityPotion
(global),17,ThrownExpBottle,net.minecraft.entity.item.EntityExpBottle
(global),18,ItemFrame,net.minecraft.entity.item.EntityItemFrame
(global),19,WitherSkull,net.minecraft.entity.projectile.EntityWitherSkull
(global),20,PrimedTnt,net.minecraft.entity.item.EntityTNTPrimed
(global),21,FallingSand,net.minecraft.entity.item.EntityFallingBlock
(global),22,FireworksRocketEntity,net.minecraft.entity.item.EntityFireworkRocket
(global),23,NukePrimed,nc.entity.EntityNukePrimed
(global),24,EMPPrimed,nc.entity.EntityEMPPrimed
(global),25,AntimatterBombPrimed,nc.entity.EntityAntimatterBombPrimed
(global),26,NuclearGrenade,nc.entity.EntityNuclearGrenade
(global),27,EntityBullet,nc.entity.EntityBullet
(global),28,molotovCocktail,ivorius.psychedelicraft.entities.EntityMolotovCocktail
(global),29,witherSkeleton,crazypants.enderio.entity.EntityWitherSkeleton
(global),40,MinecartCommandBlock,mods.railcraft.common.carts.EntityCartCommand
(global),41,Boat,net.minecraft.entity.item.EntityBoat
(global),42,MinecartRideable,mods.railcraft.common.carts.EntityCartBasic
(global),43,MinecartChest,mods.railcraft.common.carts.EntityCartChest
(global),44,MinecartFurnace,mods.railcraft.common.carts.EntityCartFurnace
(global),45,MinecartTNT,mods.railcraft.common.carts.EntityCartTNT
(global),46,MinecartHopper,net.minecraft.entity.item.EntityMinecartHopper
(global),47,MinecartSpawner,net.minecraft.entity.ai.EntityMinecartMobSpawner
(global),48,Mob,net.minecraft.entity.EntityLiving
(global),49,Monster,net.minecraft.entity.monster.EntityMob
(global),50,Creeper,net.minecraft.entity.monster.EntityCreeper
(global),51,Skeleton,net.minecraft.entity.monster.EntitySkeleton
(global),52,Spider,net.minecraft.entity.monster.EntitySpider
(global),53,Giant,net.minecraft.entity.monster.EntityGiantZombie
(global),54,Zombie,net.minecraft.entity.monster.EntityZombie
(global),55,Slime,net.minecraft.entity.monster.EntitySlime
(global),56,Ghast,net.minecraft.entity.monster.EntityGhast
(global),57,PigZombie,net.minecraft.entity.monster.EntityPigZombie
(global),58,Enderman,net.minecraft.entity.monster.EntityEnderman
(global),59,CaveSpider,net.minecraft.entity.monster.EntityCaveSpider
(global),60,Silverfish,net.minecraft.entity.monster.EntitySilverfish
(global),61,Blaze,net.minecraft.entity.monster.EntityBlaze
(global),62,LavaSlime,net.minecraft.entity.monster.EntityMagmaCube
(global),63,EnderDragon,net.minecraft.entity.boss.EntityDragon
(global),64,WitherBoss,net.minecraft.entity.boss.EntityWither
(global),65,Bat,net.minecraft.entity.passive.EntityBat
(global),66,Witch,net.minecraft.entity.monster.EntityWitch
(global),90,Pig,net.minecraft.entity.passive.EntityPig
(global),91,Sheep,net.minecraft.entity.passive.EntitySheep
(global),92,Cow,net.minecraft.entity.passive.EntityCow
(global),93,Chicken,net.minecraft.entity.passive.EntityChicken
(global),94,Squid,net.minecraft.entity.passive.EntitySquid
(global),95,Wolf,net.minecraft.entity.passive.EntityWolf
(global),96,MushroomCow,net.minecraft.entity.passive.EntityMooshroom
(global),97,SnowMan,net.minecraft.entity.monster.EntitySnowman
(global),98,Ozelot,net.minecraft.entity.passive.EntityOcelot
(global),99,VillagerGolem,net.minecraft.entity.monster.EntityIronGolem
(global),100,EntityHorse,net.minecraft.entity.passive.EntityHorse
(global),120,Villager,net.minecraft.entity.passive.EntityVillager
(global),200,EnderCrystal,net.minecraft.entity.item.EntityEnderCrystal
(global),301,BiomesOPlenty.JungleSpider,biomesoplenty.common.entities.EntityJungleSpider
(global),302,BiomesOPlenty.Rosester,biomesoplenty.common.entities.EntityRosester
(global),303,BiomesOPlenty.Glob,biomesoplenty.common.entities.EntityGlob
(global),304,BiomesOPlenty.Phantom,biomesoplenty.common.entities.EntityPhantom
(global),305,BiomesOPlenty.Wasp,biomesoplenty.common.entities.EntityWasp
(global),306,BiomesOPlenty.Bird,biomesoplenty.common.entities.EntityBird
(global),307,BiomesOPlenty.Pixie,biomesoplenty.common.entities.EntityPixie
(global),6396,witchery.demon,com.emoniph.witchery.entity.EntityDemon
(global),6397,witchery.mandrake,com.emoniph.witchery.entity.EntityMandrake
(global),6398,witchery.treefyd,com.emoniph.witchery.entity.EntityTreefyd
(global),6399,witchery.hornedHuntsman,com.emoniph.witchery.entity.EntityHornedHuntsman
(global),6400,witchery.ent,com.emoniph.witchery.entity.EntityEnt
(global),6401,witchery.owl,com.emoniph.witchery.entity.EntityOwl
(global),6402,witchery.toad,com.emoniph.witchery.entity.EntityToad
(global),6403,witchery.babayaga,com.emoniph.witchery.entity.EntityBabaYaga
(global),6404,witchery.covenwitch,com.emoniph.witchery.entity.EntityCovenWitch
(global),6405,witchery.nightmare,com.emoniph.witchery.entity.EntityNightmare
(global),6406,witchery.spectre,com.emoniph.witchery.entity.EntitySpectre
(global),6407,witchery.poltergeist,com.emoniph.witchery.entity.EntityPoltergeist
(global),6408,witchery.banshee,com.emoniph.witchery.entity.EntityBanshee
(global),6409,witchery.spirit,com.emoniph.witchery.entity.EntitySpirit
(global),6410,witchery.death,com.emoniph.witchery.entity.EntityDeath
(global),6411,witchery.witchhunter,com.emoniph.witchery.entity.EntityWitchHunter
(global),6412,witchery.lordoftorment,com.emoniph.witchery.entity.EntityLordOfTorment
(global),6413,witchery.imp,com.emoniph.witchery.entity.EntityImp
(global),6414,witchery.mindrake,com.emoniph.witchery.entity.EntityMindrake
(global),6415,witchery.goblin,com.emoniph.witchery.entity.EntityGoblin
(global),6416,witchery.goblinmog,com.emoniph.witchery.entity.EntityGoblinMog
(global),6417,witchery.goblingulg,com.emoniph.witchery.entity.EntityGoblinGulg
(global),6418,witchery.leonard,com.emoniph.witchery.entity.EntityLeonard
(global),6419,witchery.lostsoul,com.emoniph.witchery.entity.EntityLostSoul
(global),6420,witchery.wolfman,com.emoniph.witchery.entity.EntityWolfman
(global),6421,witchery.hellhound,com.emoniph.witchery.entity.EntityHellhound
(global),6422,witchery.werevillager,com.emoniph.witchery.entity.EntityVillagerWere
(global),6423,witchery.villageguard,com.emoniph.witchery.entity.EntityVillageGuard
(global),6424,witchery.vampire,com.emoniph.witchery.entity.EntityVampire
(global),6425,witchery.lilith,com.emoniph.witchery.entity.EntityLilith
(global),6426,witchery.wingedmonkey,com.emoniph.witchery.entity.EntityWingedMonkey
(global),6427,witchery.reflection,com.emoniph.witchery.entity.EntityReflection
AWWayofTime,0,AWWayofTime.energyBlastProjectile,WayofTime.alchemicalWizardry.common.entity.projectile.EnergyBlastProjectile
AWWayofTime,1,AWWayofTime.fireProjectile,WayofTime.alchemicalWizardry.common.entity.projectile.FireProjectile
AWWayofTime,2,AWWayofTime.iceProjectile,WayofTime.alchemicalWizardry.common.entity.projectile.IceProjectile
AWWayofTime,3,AWWayofTime.explosionProjectile,WayofTime.alchemicalWizardry.common.entity.projectile.ExplosionProjectile
AWWayofTime,4,AWWayofTime.holyProjectile,WayofTime.alchemicalWizardry.common.entity.projectile.HolyProjectile
AWWayofTime,5,AWWayofTime.windGustProjectile,WayofTime.alchemicalWizardry.common.entity.projectile.WindGustProjectile
AWWayofTime,6,AWWayofTime.lightningBoltProjectile,WayofTime.alchemicalWizardry.common.entity.projectile.LightningBoltProjectile
AWWayofTime,7,AWWayofTime.waterProjectile,WayofTime.alchemicalWizardry.common.entity.projectile.WaterProjectile
AWWayofTime,8,AWWayofTime.mudProjectile,WayofTime.alchemicalWizardry.common.entity.projectile.MudProjectile
AWWayofTime,9,AWWayofTime.teleportProjectile,WayofTime.alchemicalWizardry.common.entity.projectile.TeleportProjectile
AWWayofTime,10,AWWayofTime.energyBazookaMain,WayofTime.alchemicalWizardry.common.entity.projectile.EntityEnergyBazookaMainProjectile
AWWayofTime,11,AWWayofTime.energyBazookaSecondary,WayofTime.alchemicalWizardry.common.entity.projectile.EntityEnergyBazookaSecondaryProjectile
AWWayofTime,12,AWWayofTime.bloodLightProjectile,WayofTime.alchemicalWizardry.common.entity.projectile.EntityBloodLightProjectile
AWWayofTime,13,AWWayofTime.meteor,WayofTime.alchemicalWizardry.common.entity.projectile.EntityMeteor
AWWayofTime,14,AWWayofTime.spellProjectile,WayofTime.alchemicalWizardry.api.spell.EntitySpellProjectile
AWWayofTime,15,AWWayofTime.particleBeam,WayofTime.alchemicalWizardry.common.entity.projectile.EntityParticleBeam
AWWayofTime,16,AWWayofTime.catalogueEntityItem,WayofTime.alchemicalWizardry.common.entity.mob.MailOrderEntityItem
AWWayofTime,17,AWWayofTime.bookEntityItem,WayofTime.alchemicalWizardry.common.entity.mob.BookEntityItem
AWWayofTime,20,AWWayofTime.FallenAngel,WayofTime.alchemicalWizardry.common.entity.mob.EntityFallenAngel
AWWayofTime,21,AWWayofTime.LowerGuardian,WayofTime.alchemicalWizardry.common.entity.mob.EntityLowerGuardian
AWWayofTime,22,AWWayofTime.BileDemon,WayofTime.alchemicalWizardry.common.entity.mob.EntityBileDemon
AWWayofTime,23,AWWayofTime.WingedFireDemon,WayofTime.alchemicalWizardry.common.entity.mob.EntityWingedFireDemon
AWWayofTime,24,AWWayofTime.SmallEarthGolem,WayofTime.alchemicalWizardry.common.entity.mob.EntitySmallEarthGolem
AWWayofTime,25,AWWayofTime.IceDemon,WayofTime.alchemicalWizardry.common.entity.mob.EntityIceDemon
AWWayofTime,26,AWWayofTime.BoulderFist,WayofTime.alchemicalWizardry.common.entity.mob.EntityBoulderFist
AWWayofTime,27,AWWayofTime.Shade,WayofTime.alchemicalWizardry.common.entity.mob.EntityShade
AWWayofTime,28,AWWayofTime.AirElemental,WayofTime.alchemicalWizardry.common.entity.mob.EntityAirElemental
AWWayofTime,29,AWWayofTime.WaterElemental,WayofTime.alchemicalWizardry.common.entity.mob.EntityWaterElemental
AWWayofTime,30,AWWayofTime.EarthElemental,WayofTime.alchemicalWizardry.common.entity.mob.EntityEarthElemental
AWWayofTime,31,AWWayofTime.FireElemental,WayofTime.alchemicalWizardry.common.entity.mob.EntityFireElemental
AWWayofTime,32,AWWayofTime.ShadeElemental,WayofTime.alchemicalWizardry.common.entity.mob.EntityShadeElemental
AWWayofTime,33,AWWayofTime.HolyElemental,WayofTime.alchemicalWizardry.common.entity.mob.EntityHolyElemental
AWWayofTime,34,AWWayofTime.MinorDemonGrunt,WayofTime.alchemicalWizardry.common.demonVillage.demonHoard.demon.EntityMinorDemonGrunt
AWWayofTime,35,AWWayofTime.MinorDemonGruntFire,WayofTime.alchemicalWizardry.common.demonVillage.demonHoard.demon.EntityMinorDemonGruntFire
AWWayofTime,36,AWWayofTime.MinorDemonGruntWind,WayofTime.alchemicalWizardry.common.demonVillage.demonHoard.demon.EntityMinorDemonGruntWind
AWWayofTime,37,AWWayofTime.MinorDemonGruntIce,WayofTime.alchemicalWizardry.common.demonVillage.demonHoard.demon.EntityMinorDemonGruntIce
AWWayofTime,38,AWWayofTime.MinorDemonGruntEarth,WayofTime.alchemicalWizardry.common.demonVillage.demonHoard.demon.EntityMinorDemonGruntEarth
AWWayofTime,39,AWWayofTime.MinorDemonGruntGuardian,WayofTime.alchemicalWizardry.common.demonVillage.demonHoard.demon.EntityMinorDemonGruntGuardian
AWWayofTime,40,AWWayofTime.MinorDemonGruntGuardianFire,WayofTime.alchemicalWizardry.common.demonVillage.demonHoard.demon.EntityMinorDemonGruntGuardianFire
AWWayofTime,41,AWWayofTime.MinorDemonGruntGuardianWind,WayofTime.alchemicalWizardry.common.demonVillage.demonHoard.demon.EntityMinorDemonGruntGuardianWind
AWWayofTime,42,AWWayofTime.MinorDemonGruntGuardianIce,WayofTime.alchemicalWizardry.common.demonVillage.demonHoard.demon.EntityMinorDemonGruntGuardianIce
AWWayofTime,43,AWWayofTime.MinorDemonGruntGuardianEarth,WayofTime.alchemicalWizardry.common.demonVillage.demonHoard.demon.EntityMinorDemonGruntGuardianEarth
AgriCraft,0,AgriCraft.villagerFarmer,com.InfinityRaider.AgriCraft.entity.EntityVillagerFarmer
AgriCraft,1,AgriCraft.leash,com.InfinityRaider.AgriCraft.entity.EntityLeashKnotAgricraft
Automagy,0,Automagy.AvaricePearl,tuhljin.automagy.entities.EntityAvaricePearl
Automagy,1,Automagy.XPOrbSuppressed,tuhljin.automagy.entities.EntityXPOrbSuppressFollow
Automagy,2,Automagy.EntityItemDelayedFall,tuhljin.automagy.entities.EntityItemDelayedFall
Automagy,3,Automagy.WispNether,tuhljin.automagy.entities.EntityWispNether
Avaritia,1,Avaritia.EndestPearl,fox.spiteful.avaritia.entity.EntityEndestPearl
Avaritia,2,Avaritia.GapingVoid,fox.spiteful.avaritia.entity.EntityGapingVoid
Avaritia,3,Avaritia.HeavenArrow,fox.spiteful.avaritia.entity.EntityHeavenArrow
Avaritia,4,Avaritia.HeavenSubArrow,fox.spiteful.avaritia.entity.EntityHeavenSubArrow
BiblioCraft,0,BiblioCraft.SeatEntity,jds.bibliocraft.entity.EntitySeat
BiomesOPlenty,0,BiomesOPlenty.dart,biomesoplenty.common.entities.projectiles.EntityDart
BiomesOPlenty,1,BiomesOPlenty.mudball,biomesoplenty.common.entities.projectiles.EntityMudball
BiomesOPlenty,2,BiomesOPlenty.JungleSpider,biomesoplenty.common.entities.EntityJungleSpider
BiomesOPlenty,3,BiomesOPlenty.Rosester,biomesoplenty.common.entities.EntityRosester
BiomesOPlenty,4,BiomesOPlenty.Glob,biomesoplenty.common.entities.EntityGlob
BiomesOPlenty,5,BiomesOPlenty.Phantom,biomesoplenty.common.entities.EntityPhantom
BiomesOPlenty,6,BiomesOPlenty.Wasp,biomesoplenty.common.entities.EntityWasp
BiomesOPlenty,7,BiomesOPlenty.Bird,biomesoplenty.common.entities.EntityBird
BiomesOPlenty,8,BiomesOPlenty.Pixie,biomesoplenty.common.entities.EntityPixie
Botania,0,Botania.botania:manaBurst,vazkii.botania.common.entity.EntityManaBurst
Botania,1,Botania.botania:signalFlare,vazkii.botania.common.entity.EntitySignalFlare
Botania,2,Botania.botania:pixie,vazkii.botania.common.entity.EntityPixie
Botania,3,Botania.botania:flameRing,vazkii.botania.common.entity.EntityFlameRing
Botania,4,Botania.botania:vineBall,vazkii.botania.common.entity.EntityVineBall
Botania,5,Botania.botania:doppleganger,vazkii.botania.common.entity.EntityDoppleganger
Botania,6,Botania.botania:magicLandmine,vazkii.botania.common.entity.EntityMagicLandmine
Botania,7,Botania.botania:spark,vazkii.botania.common.entity.EntitySpark
Botania,8,Botania.botania:thrownItem,vazkii.botania.common.entity.EntityThrownItem
Botania,9,Botania.botania:magicMissile,vazkii.botania.common.entity.EntityMagicMissile
Botania,10,Botania.botania:thornChakram,vazkii.botania.common.entity.EntityThornChakram
Botania,11,Botania.botania:corporeaSpark,vazkii.botania.common.entity.EntityCorporeaSpark
Botania,12,Botania.botania:enderAirBottle,vazkii.botania.common.entity.EntityEnderAirBottle
Botania,13,Botania.botania:poolMinecart,vazkii.botania.common.entity.EntityPoolMinecart
Botania,14,Botania.botania:pinkWither,vazkii.botania.common.entity.EntityPinkWither
Botania,15,Botania.botania:playerMover,vazkii.botania.common.block.tile.TileLightRelay$EntityPlayerMover
Botania,16,Botania.botania:manaStorm,vazkii.botania.common.entity.EntityManaStorm
Botania,17,Botania.botania:babylonWeapon,vazkii.botania.common.entity.EntityBabylonWeapon
Botania,18,Botania.botania:fallingStar,vazkii.botania.common.entity.EntityFallingStar
BuildCraft|Robotics,10,BuildCraft|Robotics.bcRobot,buildcraft.robotics.EntityRobot
BuildCraft|Silicon,11,BuildCraft|Silicon.bcPackageThrowable,buildcraft.silicon.EntityPackage
CarpentersBlocks,0,CarpentersBlocks.CarpentersTile,com.carpentersblocks.entity.item.EntityCarpentersTile
DraconicEvolution,0,DraconicEvolution.EnderDragon,com.brandon3055.draconicevolution.common.entity.EntityCustomDragon
DraconicEvolution,1,DraconicEvolution.Persistent Item,com.brandon3055.draconicevolution.common.entity.EntityPersistentItem
DraconicEvolution,2,DraconicEvolution.Arrow,com.brandon3055.draconicevolution.common.entity.EntityDraconicArrow
DraconicEvolution,3,DraconicEvolution.Ender Arrow,com.brandon3055.draconicevolution.common.entity.EntityEnderArrow
DraconicEvolution,5,DraconicEvolution.Dragon Heart Item,com.brandon3055.draconicevolution.common.entity.EntityDragonHeart
DraconicEvolution,6,DraconicEvolution.ChaosGuardian,com.brandon3055.draconicevolution.common.entity.EntityChaosGuardian
DraconicEvolution,7,DraconicEvolution.DragonProjectile,com.brandon3055.draconicevolution.common.entity.EntityDragonProjectile
DraconicEvolution,8,DraconicEvolution.ChaosCrystal,com.brandon3055.draconicevolution.common.entity.EntityChaosCrystal
DraconicEvolution,9,DraconicEvolution.ChaosBolt,com.brandon3055.draconicevolution.common.entity.EntityChaosBolt
DraconicEvolution,10,DraconicEvolution.EntityChaosEnergyVortex,com.brandon3055.draconicevolution.common.entity.EntityChaosVortex
DraconicEvolution,11,DraconicEvolution.CustomArrow,com.brandon3055.draconicevolution.common.entity.EntityCustomArrow
EnderIO,3,EnderIO.soundEntity,crazypants.enderio.item.darksteel.SoundEntity
EnderIO,4,EnderIO.rangeEntity,crazypants.enderio.machine.ranged.RangeEntity
EnderIO,29,EnderIO.witherSkeleton,crazypants.enderio.entity.EntityWitherSkeleton
EnderIO,33,EnderIO.weather_rocket,crazypants.enderio.machine.obelisk.weather.EntityWeatherRocket
Forestry,0,Forestry.butterflyGE,forestry.lepidopterology.entities.EntityButterfly
Forestry,1,Forestry.cart.beehouse,forestry.apiculture.entities.EntityMinecartBeehouse
Forestry,2,Forestry.cart.apiary,forestry.apiculture.entities.EntityMinecartApiary
GraviSuite,5,GraviSuite.PlasmaBall,gravisuite.EntityPlasmaBall
Growthcraft|Bamboo,1,Growthcraft|Bamboo.bambooRaft,growthcraft.bamboo.common.entity.EntityBambooRaft
IC2,0,IC2.MiningLaser,ic2.core.item.tool.EntityMiningLaser
IC2,1,IC2.Dynamite,ic2.core.block.EntityDynamite
IC2,2,IC2.StickyDynamite,ic2.core.block.EntityStickyDynamite
IC2,3,IC2.Itnt,ic2.core.block.EntityItnt
IC2,4,IC2.Nuke,ic2.core.block.EntityNuke
IC2,5,IC2.BoatCarbon,ic2.core.item.EntityBoatCarbon
IC2,6,IC2.BoatRubber,ic2.core.item.EntityBoatRubber
IC2,7,IC2.BoatElectric,ic2.core.item.EntityBoatElectric
IC2,8,IC2.Particle,ic2.core.item.tool.EntityParticle
ImmersiveEngineering,0,ImmersiveEngineering.revolverShot,blusunrize.immersiveengineering.common.entities.EntityRevolvershot
ImmersiveEngineering,1,ImmersiveEngineering.skylineHook,blusunrize.immersiveengineering.common.entities.EntitySkylineHook
ImmersiveEngineering,2,ImmersiveEngineering.skylineCrate,blusunrize.immersiveengineering.common.entities.EntitySkycrate
ImmersiveEngineering,3,ImmersiveEngineering.revolverShotHoming,blusunrize.immersiveengineering.common.entities.EntityRevolvershotHoming
ImmersiveEngineering,4,ImmersiveEngineering.revolverShotWolfpack,blusunrize.immersiveengineering.common.entities.EntityWolfpackShot
ImmersiveEngineering,5,ImmersiveEngineering.chemthrowerShot,blusunrize.immersiveengineering.common.entities.EntityChemthrowerShot
ImmersiveEngineering,6,ImmersiveEngineering.railgunShot,blusunrize.immersiveengineering.common.entities.EntityRailgunShot
Mekanism,0,Mekanism.ObsidianTNT,mekanism.common.entity.EntityObsidianTNT
Mekanism,1,Mekanism.Robit,mekanism.common.entity.EntityRobit
Mekanism,2,Mekanism.Balloon,mekanism.common.entity.EntityBalloon
Mekanism,3,Mekanism.BabySkeleton,mekanism.common.entity.EntityBabySkeleton
Mekanism,4,Mekanism.Flame,mekanism.common.entity.EntityFlame
MineFactoryReloaded,0,MineFactoryReloaded.SafariNet,powercrystals.minefactoryreloaded.entity.EntitySafariNet
MineFactoryReloaded,1,MineFactoryReloaded.mfrEntityPinkSlime,powercrystals.minefactoryreloaded.entity.EntityPinkSlime
MineFactoryReloaded,2,MineFactoryReloaded.Needle,powercrystals.minefactoryreloaded.entity.EntityNeedle
MineFactoryReloaded,3,MineFactoryReloaded.Rocket,powercrystals.minefactoryreloaded.entity.EntityRocket
MineFactoryReloaded,4,MineFactoryReloaded.FishingRod,powercrystals.minefactoryreloaded.entity.EntityFishingRod
MineFactoryReloaded,5,MineFactoryReloaded.Item,powercrystals.minefactoryreloaded.entity.EntityFlyingItem
MineFactoryReloaded,99,MineFactoryReloaded.DebugTracker,powercrystals.minefactoryreloaded.entity.DebugTracker
NuclearCraft,5,NuclearCraft.NuclearMonster,nc.entity.EntityNuclearMonster
NuclearCraft,6,NuclearCraft.Paul,nc.entity.EntityPaul
NuclearCraft,7,NuclearCraft.Brian,nc.entity.EntityBrian
NuclearCraft,23,NuclearCraft.NukePrimed,nc.entity.EntityNukePrimed
NuclearCraft,24,NuclearCraft.EMPPrimed,nc.entity.EntityEMPPrimed
NuclearCraft,25,NuclearCraft.AntimatterBombPrimed,nc.entity.EntityAntimatterBombPrimed
NuclearCraft,26,NuclearCraft.NuclearGrenade,nc.entity.EntityNuclearGrenade
NuclearCraft,27,NuclearCraft.EntityBullet,nc.entity.EntityBullet
OpenBlocks,701,OpenBlocks.Hang Glider,openblocks.common.entity.EntityHangGlider
OpenBlocks,702,OpenBlocks.Luggage,openblocks.common.entity.EntityLuggage
OpenBlocks,703,OpenBlocks.Magnet,openblocks.common.entity.EntityMagnet
OpenBlocks,704,OpenBlocks.MountedBlock,openblocks.common.entity.EntityMountedBlock
OpenBlocks,705,OpenBlocks.Cartographer,openblocks.common.entity.EntityCartographer
OpenBlocks,706,OpenBlocks.EntityItemProjectile,openblocks.common.entity.EntityItemProjectile
OpenBlocks,707,OpenBlocks.GoldenEye,openblocks.common.entity.EntityGoldenEye
OpenBlocks,708,OpenBlocks.Player-Magnet,openblocks.common.entity.EntityMagnet$PlayerBound
OpenBlocks,709,OpenBlocks.XPOrbNoFly,openblocks.common.entity.EntityXPOrbNoFly
OpenBlocks,710,OpenBlocks.MiniMe,openblocks.common.entity.EntityMiniMe
OpenComputers,0,OpenComputers.Drone,li.cil.oc.common.entity.Drone
OpenMods,804,OpenMods.Block,openmods.entity.EntityBlock
PneumaticCraft,0,PneumaticCraft.Vortex,pneumaticCraft.common.entity.projectile.EntityVortex
PneumaticCraft,2,PneumaticCraft.Chopper Plant Seeds Entity,pneumaticCraft.common.entity.projectile.EntityChopperSeeds
PneumaticCraft,3,PneumaticCraft.Potion Cloud,pneumaticCraft.common.entity.projectile.EntityPotionCloud
PneumaticCraft,4,PneumaticCraft.Drone,pneumaticCraft.common.entity.living.EntityDrone
PneumaticCraft,5,PneumaticCraft.logisticDrone,pneumaticCraft.common.entity.living.EntityLogisticsDrone
PneumaticCraft,100,PneumaticCraft.Ring,pneumaticCraft.common.entity.EntityRing
PortalGun,80,PortalGun.portal_entityblock,portalgun.common.entity.EntityBlock
PortalGun,81,PortalGun.portal_entitycube,portalgun.common.entity.EntityCube
PortalGun,82,PortalGun.portal_entityball,portalgun.common.entity.EntityPortalBall
PortalGun,83,PortalGun.portal_entitybullet,portalgun.common.entity.EntityBullet
PortalGun,84,PortalGun.portal_entityhep,portalgun.common.entity.EntityHEP
PortalGun,85,PortalGun.portal_entityradio,portalgun.common.entity.EntityRadio
PortalGun,86,PortalGun.portal_entityapg,portalgun.common.entity.EntityPedestal
PortalGun,87,PortalGun.portal_entityturret,portalgun.common.entity.EntityTurret
Railcraft,1,Railcraft.cart.basic,mods.railcraft.common.carts.EntityCartBasic
Railcraft,2,Railcraft.cart.chest,mods.railcraft.common.carts.EntityCartChest
Railcraft,3,Railcraft.cart.furnace,mods.railcraft.common.carts.EntityCartFurnace
Railcraft,4,Railcraft.cart.tnt.wood,mods.railcraft.common.carts.EntityCartTNTWood
Railcraft,5,Railcraft.cart.tank,mods.railcraft.common.carts.EntityCartTank
Railcraft,6,Railcraft.cart.cargo,mods.railcraft.common.carts.EntityCartCargo
Railcraft,7,Railcraft.cart.anchor,mods.railcraft.common.carts.EntityCartAnchor
Railcraft,8,Railcraft.cart.work,mods.railcraft.common.carts.EntityCartWork
Railcraft,9,Railcraft.cart.track.relayer,mods.railcraft.common.carts.EntityCartTrackRelayer
Railcraft,10,Railcraft.cart.undercutter,mods.railcraft.common.carts.EntityCartUndercutter
Railcraft,11,Railcraft.cart.pumpkin,mods.railcraft.common.carts.EntityCartPumpkin
Railcraft,12,Railcraft.cart.gift,mods.railcraft.common.carts.EntityCartGift
Railcraft,13,Railcraft.cart.anchor.personal,mods.railcraft.common.carts.EntityCartAnchorPersonal
Railcraft,14,Railcraft.cart.anchor.admin,mods.railcraft.common.carts.EntityCartAnchorAdmin
Railcraft,15,Railcraft.cart.tnt,mods.railcraft.common.carts.EntityCartTNT
Railcraft,16,Railcraft.cart.hopper,net.minecraft.entity.item.EntityMinecartHopper
Railcraft,17,Railcraft.cart.track.layer,mods.railcraft.common.carts.EntityCartTrackLayer
Railcraft,18,Railcraft.cart.track.remover,mods.railcraft.common.carts.EntityCartTrackRemover
Railcraft,19,Railcraft.cart.redstone.flux,mods.railcraft.common.carts.EntityCartRF
Railcraft,30,Railcraft.cart.loco.steam.solid,mods.railcraft.common.carts.EntityLocomotiveSteamSolid
Railcraft,32,Railcraft.cart.loco.electric,mods.railcraft.common.carts.EntityLocomotiveElectric
Railcraft,33,Railcraft.cart.loco.creative,mods.railcraft.common.carts.EntityLocomotiveCreative
Railcraft,40,Railcraft.cart.command.block,mods.railcraft.common.carts.EntityCartCommand
Railcraft,50,Railcraft.cart.bore,mods.railcraft.common.carts.EntityTunnelBore
Railcraft,75,Railcraft.ItemFirestone,mods.railcraft.common.items.firestone.EntityItemFirestone
Railcraft,76,Railcraft.ItemFireproof,mods.railcraft.common.items.EntityItemFireproof
Railcraft,87,Railcraft.cart.energy.batbox,mods.railcraft.common.carts.EntityCartEnergyBatBox
Railcraft,88,Railcraft.cart.energy.cesu,mods.railcraft.common.carts.EntityCartEnergyCESU
Railcraft,89,Railcraft.cart.energy.mfe,mods.railcraft.common.carts.EntityCartEnergyMFE
TConstruct,0,TConstruct.Fancy Item,tconstruct.tools.entity.FancyEntityItem
TConstruct,1,TConstruct.Dagger,tconstruct.tools.entity.DaggerEntity
TConstruct,2,TConstruct.Crystal,tconstruct.world.entity.Crystal
TConstruct,3,TConstruct.Launched Potion,tconstruct.tools.entity.LaunchedPotion
TConstruct,4,TConstruct.Arrow,tconstruct.tools.entity.ArrowEntity
TConstruct,5,TConstruct.LandmineFirework,tconstruct.mechworks.entity.item.EntityLandmineFirework
TConstruct,6,TConstruct.SlimeExplosive,tconstruct.mechworks.entity.item.ExplosivePrimed
TConstruct,12,TConstruct.EdibleSlime,tconstruct.world.entity.BlueSlime
TConstruct,14,TConstruct.KingSlime,tconstruct.world.entity.KingBlueSlime
TConstruct,20,TConstruct.Shuriken,tconstruct.weaponry.entity.ShurikenEntity
TConstruct,21,TConstruct.ThrowingKnife,tconstruct.weaponry.entity.ThrowingKnifeEntity
TConstruct,22,TConstruct.Javelin,tconstruct.weaponry.entity.JavelinEntity
TConstruct,23,TConstruct.Arrow,tconstruct.weaponry.entity.ArrowEntity
TConstruct,24,TConstruct.Bolt,tconstruct.weaponry.entity.BoltEntity
TaintedMagic,0,TaintedMagic.EntityTaintBubble,taintedmagic.common.entities.EntityTaintBubble
TaintedMagic,1,TaintedMagic.EntityEldritchOrbAttack,taintedmagic.common.entities.EntityEldritchOrbAttack
TaintedMagic,2,TaintedMagic.EntityHomingShard,taintedmagic.common.entities.EntityHomingShard
Thaumcraft,0,Thaumcraft.SpecialItem,thaumcraft.common.entities.EntitySpecialItem
Thaumcraft,1,Thaumcraft.PermanentItem,thaumcraft.common.entities.EntityPermanentItem
Thaumcraft,2,Thaumcraft.FollowItem,thaumcraft.common.entities.EntityFollowingItem
Thaumcraft,3,Thaumcraft.AspectOrb,thaumcraft.common.entities.EntityAspectOrb
Thaumcraft,4,Thaumcraft.FallingTaint,thaumcraft.common.entities.EntityFallingTaint
Thaumcraft,5,Thaumcraft.Alumentum,thaumcraft.common.entities.projectile.EntityAlumentum
Thaumcraft,6,Thaumcraft.PrimalOrb,thaumcraft.common.entities.projectile.EntityPrimalOrb
Thaumcraft,7,Thaumcraft.FrostShard,thaumcraft.common.entities.projectile.EntityFrostShard
Thaumcraft,8,Thaumcraft.Dart,thaumcraft.common.entities.projectile.EntityDart
Thaumcraft,9,Thaumcraft.PrimalArrow,thaumcraft.common.entities.projectile.EntityPrimalArrow
Thaumcraft,10,Thaumcraft.PechBlast,thaumcraft.common.entities.projectile.EntityPechBlast
Thaumcraft,11,Thaumcraft.EldritchOrb,thaumcraft.common.entities.projectile.EntityEldritchOrb
Thaumcraft,12,Thaumcraft.BottleTaint,thaumcraft.common.entities.projectile.EntityBottleTaint
Thaumcraft,13,Thaumcraft.GolemOrb,thaumcraft.common.entities.projectile.EntityGolemOrb
Thaumcraft,14,Thaumcraft.ShockOrb,thaumcraft.common.entities.projectile.EntityShockOrb
Thaumcraft,15,Thaumcraft.ExplosiveOrb,thaumcraft.common.entities.projectile.EntityExplosiveOrb
Thaumcraft,16,Thaumcraft.Ember,thaumcraft.common.entities.projectile.EntityEmber
Thaumcraft,17,Thaumcraft.Golem,thaumcraft.common.entities.golems.EntityGolemBase
Thaumcraft,18,Thaumcraft.TravelingTrunk,thaumcraft.common.entities.golems.EntityTravelingTrunk
Thaumcraft,19,Thaumcraft.BrainyZombie,thaumcraft.common.entities.monster.EntityBrainyZombie
Thaumcraft,20,Thaumcraft.GiantBrainyZombie,thaumcraft.common.entities.monster.EntityGiantBrainyZombie
Thaumcraft,21,Thaumcraft.Wisp,thaumcraft.common.entities.monster.EntityWisp
Thaumcraft,22,Thaumcraft.Firebat,thaumcraft.common.entities.monster.EntityFireBat
Thaumcraft,23,Thaumcraft.Pech,thaumcraft.common.entities.monster.EntityPech
Thaumcraft,24,Thaumcraft.MindSpider,thaumcraft.common.entities.monster.EntityMindSpider
Thaumcraft,25,Thaumcraft.EldritchGuardian,thaumcraft.common.entities.monster.EntityEldritchGuardian
Thaumcraft,26,Thaumcraft.EldritchWarden,thaumcraft.common.entities.monster.boss.EntityEldritchWarden
Thaumcraft,27,Thaumcraft.CultistKnight,thaumcraft.common.entities.monster.EntityCultistKnight
Thaumcraft,28,Thaumcraft.CultistCleric,thaumcraft.common.entities.monster.EntityCultistCleric
Thaumcraft,29,Thaumcraft.CultistLeader,thaumcraft.common.entities.monster.boss.EntityCultistLeader
Thaumcraft,30,Thaumcraft.CultistPortal,thaumcraft.common.entities.monster.boss.EntityCultistPortal
Thaumcraft,31,Thaumcraft.EldritchGolem,thaumcraft.common.entities.monster.boss.EntityEldritchGolem
Thaumcraft,32,Thaumcraft.EldritchCrab,thaumcraft.common.entities.monster.EntityEldritchCrab
Thaumcraft,33,Thaumcraft.InhabitedZombie,thaumcraft.common.entities.monster.EntityInhabitedZombie
Thaumcraft,34,Thaumcraft.ThaumSlime,thaumcraft.common.entities.monster.EntityThaumicSlime
Thaumcraft,35,Thaumcraft.TaintSpider,thaumcraft.common.entities.monster.EntityTaintSpider
Thaumcraft,36,Thaumcraft.Taintacle,thaumcraft.common.entities.monster.EntityTaintacle
Thaumcraft,37,Thaumcraft.TaintacleTiny,thaumcraft.common.entities.monster.EntityTaintacleSmall
Thaumcraft,38,Thaumcraft.TaintSpore,thaumcraft.common.entities.monster.EntityTaintSpore
Thaumcraft,39,Thaumcraft.TaintSwarmer,thaumcraft.common.entities.monster.EntityTaintSporeSwarmer
Thaumcraft,40,Thaumcraft.TaintSwarm,thaumcraft.common.entities.monster.EntityTaintSwarm
Thaumcraft,41,Thaumcraft.TaintedChicken,thaumcraft.common.entities.monster.EntityTaintChicken
Thaumcraft,42,Thaumcraft.TaintedCow,thaumcraft.common.entities.monster.EntityTaintCow
Thaumcraft,43,Thaumcraft.TaintedCreeper,thaumcraft.common.entities.monster.EntityTaintCreeper
Thaumcraft,44,Thaumcraft.TaintedPig,thaumcraft.common.entities.monster.EntityTaintPig
Thaumcraft,45,Thaumcraft.TaintedSheep,thaumcraft.common.entities.monster.EntityTaintSheep
Thaumcraft,46,Thaumcraft.TaintedVillager,thaumcraft.common.entities.monster.EntityTaintVillager
Thaumcraft,47,Thaumcraft.TaintacleGiant,thaumcraft.common.entities.monster.boss.EntityTaintacleGiant
Thaumcraft,48,Thaumcraft.SpecialItemGrate,thaumcraft.common.entities.EntityItemGrate
Thaumcraft,49,Thaumcraft.GolemBobber,thaumcraft.common.entities.golems.EntityGolemBobber
ThaumicExploration,0,ThaumicExploration.TaintacleMinion,flaxbeard.thaumicexploration.entity.EntityTaintacleMinion
ThaumicTinkerer,0,ThaumicTinkerer.ShadowbeamStaffBeam,thaumic.tinkerer.common.item.kami.foci.ItemFocusShadowbeam$Beam
TwilightForest,1,TwilightForest.tfnaturebolt,twilightforest.entity.EntityTFNatureBolt
TwilightForest,2,TwilightForest.tflichbolt,twilightforest.entity.boss.EntityTFLichBolt
TwilightForest,3,TwilightForest.tftwilightwandbolt,twilightforest.entity.EntityTFTwilightWandBolt
TwilightForest,4,TwilightForest.tftomebolt,twilightforest.entity.EntityTFTomeBolt
TwilightForest,5,TwilightForest.tfhydramortar,twilightforest.entity.boss.EntityTFHydraMortar
TwilightForest,6,TwilightForest.tflichbomb,twilightforest.entity.boss.EntityTFLichBomb
TwilightForest,7,TwilightForest.tfmoonwormshot,twilightforest.entity.EntityTFMoonwormShot
TwilightForest,8,TwilightForest.tfslimeblob,twilightforest.entity.EntityTFSlimeProjectile
TwilightForest,9,TwilightForest.tfcharmeffect,twilightforest.entity.EntityTFCharmEffect
TwilightForest,10,TwilightForest.tfthrownaxe,twilightforest.entity.boss.EntityTFThrownAxe
TwilightForest,11,TwilightForest.HydraHead,twilightforest.entity.boss.EntityTFHydraHead
TwilightForest,13,TwilightForest.tfthrownpick,twilightforest.entity.boss.EntityTFThrownPick
TwilightForest,14,TwilightForest.tffallingice,twilightforest.entity.boss.EntityTFFallingIce
TwilightForest,15,TwilightForest.tfthrownice,twilightforest.entity.boss.EntityTFIceBomb
TwilightForest,16,TwilightForest.tfSeekerArrow,twilightforest.entity.EntitySeekerArrow
TwilightForest,17,TwilightForest.tficesnowball,twilightforest.entity.EntityTFIceSnowball
TwilightForest,18,TwilightForest.tfchainBlock,twilightforest.entity.EntityTFChainBlock
TwilightForest,19,TwilightForest.tfcubeannihilation,twilightforest.entity.EntityTFCubeOfAnnihilation
TwilightForest,20,TwilightForest.tfslideblock,twilightforest.entity.EntityTFSlideBlock
TwilightForest,177,TwilightForest.Wild Boar,twilightforest.entity.passive.EntityTFBoar
TwilightForest,178,TwilightForest.Bighorn Sheep,twilightforest.entity.passive.EntityTFBighorn
TwilightForest,179,TwilightForest.Wild Deer,twilightforest.entity.passive.EntityTFDeer
TwilightForest,180,TwilightForest.Redcap,twilightforest.entity.EntityTFRedcap
TwilightForest,181,TwilightForest.Swarm Spider,twilightforest.entity.EntityTFSwarmSpider
TwilightForest,182,TwilightForest.Naga,twilightforest.entity.boss.EntityTFNaga
TwilightForest,184,TwilightForest.Skeleton Druid,twilightforest.entity.EntityTFSkeletonDruid
TwilightForest,185,TwilightForest.Hostile Wolf,twilightforest.entity.EntityTFHostileWolf
TwilightForest,186,TwilightForest.Twilight Wraith,twilightforest.entity.EntityTFWraith
TwilightForest,187,TwilightForest.Hedge Spider,twilightforest.entity.EntityTFHedgeSpider
TwilightForest,189,TwilightForest.Hydra,twilightforest.entity.boss.EntityTFHydra
TwilightForest,190,TwilightForest.Twilight Lich,twilightforest.entity.boss.EntityTFLich
TwilightForest,191,TwilightForest.Glacier Penguin,twilightforest.entity.passive.EntityTFPenguin
TwilightForest,192,TwilightForest.Lich Minion,twilightforest.entity.boss.EntityTFLichMinion
TwilightForest,193,TwilightForest.Loyal Zombie,twilightforest.entity.EntityTFLoyalZombie
TwilightForest,194,TwilightForest.Tiny Bird,twilightforest.entity.passive.EntityTFTinyBird
TwilightForest,195,TwilightForest.Forest Squirrel,twilightforest.entity.passive.EntityTFSquirrel
TwilightForest,196,TwilightForest.Forest Bunny,twilightforest.entity.passive.EntityTFBunny
TwilightForest,197,TwilightForest.Forest Raven,twilightforest.entity.passive.EntityTFRaven
TwilightForest,198,TwilightForest.Questing Ram,twilightforest.entity.passive.EntityTFQuestRam
TwilightForest,199,TwilightForest.Twilight Kobold,twilightforest.entity.EntityTFKobold
TwilightForest,202,TwilightForest.Mosquito Swarm,twilightforest.entity.EntityTFMosquitoSwarm
TwilightForest,203,TwilightForest.Death Tome,twilightforest.entity.EntityTFDeathTome
TwilightForest,204,TwilightForest.Minotaur,twilightforest.entity.EntityTFMinotaur
TwilightForest,205,TwilightForest.Minoshroom,twilightforest.entity.boss.EntityTFMinoshroom
TwilightForest,206,TwilightForest.Fire Beetle,twilightforest.entity.EntityTFFireBeetle
TwilightForest,207,TwilightForest.Slime Beetle,twilightforest.entity.EntityTFSlimeBeetle
TwilightForest,208,TwilightForest.Pinch Beetle,twilightforest.entity.EntityTFPinchBeetle
TwilightForest,209,TwilightForest.Maze Slime,twilightforest.entity.EntityTFMazeSlime
TwilightForest,210,TwilightForest.Redcap Sapper,twilightforest.entity.EntityTFRedcapSapper
TwilightForest,211,TwilightForest.Mist Wolf,twilightforest.entity.EntityTFMistWolf
TwilightForest,212,TwilightForest.King Spider,twilightforest.entity.EntityTFKingSpider
TwilightForest,213,TwilightForest.Firefly,twilightforest.entity.passive.EntityTFMobileFirefly
TwilightForest,214,TwilightForest.Mini Ghast,twilightforest.entity.EntityTFMiniGhast
TwilightForest,215,TwilightForest.Tower Ghast,twilightforest.entity.EntityTFTowerGhast
TwilightForest,216,TwilightForest.Tower Golem,twilightforest.entity.EntityTFTowerGolem
TwilightForest,217,TwilightForest.Tower Boss,twilightforest.entity.boss.EntityTFUrGhast
TwilightForest,218,TwilightForest.Tower Termite,twilightforest.entity.EntityTFTowerTermite
TwilightForest,219,TwilightForest.Redscale Broodling,twilightforest.entity.EntityTFTowerBroodling
TwilightForest,220,TwilightForest.Block&Chain Goblin,twilightforest.entity.EntityTFBlockGoblin
TwilightForest,221,TwilightForest.Upper Goblin Knight,twilightforest.entity.EntityTFGoblinKnightUpper
TwilightForest,222,TwilightForest.Lower Goblin Knight,twilightforest.entity.EntityTFGoblinKnightLower
TwilightForest,223,TwilightForest.Helmet Crab,twilightforest.entity.EntityTFHelmetCrab
TwilightForest,224,TwilightForest.Knight Phantom,twilightforest.entity.boss.EntityTFKnightPhantom
TwilightForest,225,TwilightForest.Yeti,twilightforest.entity.EntityTFYeti
TwilightForest,226,TwilightForest.Yeti Boss,twilightforest.entity.boss.EntityTFYetiAlpha
TwilightForest,227,TwilightForest.WinterWolf,twilightforest.entity.EntityTFWinterWolf
TwilightForest,228,TwilightForest.SnowGuardian,twilightforest.entity.EntityTFSnowGuardian
TwilightForest,229,TwilightForest.Stable Ice Core,twilightforest.entity.EntityTFIceShooter
TwilightForest,230,TwilightForest.Unstable Ice Core,twilightforest.entity.EntityTFIceExploder
TwilightForest,231,TwilightForest.Snow Queen,twilightforest.entity.boss.EntityTFSnowQueen
TwilightForest,232,TwilightForest.Troll,twilightforest.entity.EntityTFTroll
TwilightForest,233,TwilightForest.Giant Miner,twilightforest.entity.EntityTFGiantMiner
TwilightForest,234,TwilightForest.Armored Giant,twilightforest.entity.EntityTFArmoredGiant
TwilightForest,235,TwilightForest.Ice Crystal,twilightforest.entity.boss.EntityTFIceCrystal
TwilightForest,236,TwilightForest.Apocalypse Cube,twilightforest.entity.EntityTFApocalypseCube
TwilightForest,237,TwilightForest.Adherent,twilightforest.entity.EntityTFAdherent
WarpDrive,241,WarpDrive.EntitySphereGenerator,cr0s.warpdrive.world.EntitySphereGen
WarpDrive,242,WarpDrive.EntityStarCore,cr0s.warpdrive.world.EntityStarCore
WarpDrive,243,WarpDrive.EntityCamera,cr0s.warpdrive.render.EntityCamera
WitchingGadgets,0,WitchingGadgets.reformingItem,witchinggadgets.common.items.EntityItemReforming
advancedRocketry,0,advancedRocketry.mountDummy,zmaster587.advancedRocketry.entity.EntityDummy
advancedRocketry,1,advancedRocketry.rocket,zmaster587.advancedRocketry.entity.EntityRocket
advancedRocketry,2,advancedRocketry.laserNode,zmaster587.advancedRocketry.entity.EntityLaserNode
advancedRocketry,3,advancedRocketry.deployedRocket,zmaster587.advancedRocketry.entity.EntityStationDeployedRocket
advancedRocketry,4,advancedRocketry.ARAbductedItem,zmaster587.advancedRocketry.entity.EntityItemAbducted
advancedRocketry,5,advancedRocketry.ARPlanetUIItem,zmaster587.advancedRocketry.entity.EntityUIPlanet
advancedRocketry,6,advancedRocketry.ARPlanetUIButton,zmaster587.advancedRocketry.entity.EntityUIButton
advancedRocketry,7,advancedRocketry.ARStarUIButton,zmaster587.advancedRocketry.entity.EntityUIStar
advancedRocketry,8,advancedRocketry.ARSpaceElevatorCapsule,zmaster587.advancedRocketry.entity.EntityElevatorCapsule
appliedenergistics2,10,appliedenergistics2.EntityTinyTNTPrimed,appeng.entity.EntityTinyTNTPrimed
appliedenergistics2,11,appliedenergistics2.EntitySingularity,appeng.entity.EntitySingularity
appliedenergistics2,11,appliedenergistics2.EntitySingularity,appeng.entity.EntitySingularity
appliedenergistics2,11,appliedenergistics2.EntitySingularity,appeng.entity.EntitySingularity
appliedenergistics2,12,appliedenergistics2.EntityChargedQuartz,appeng.entity.EntityChargedQuartz
appliedenergistics2,13,appliedenergistics2.EntityGrowingCrystal,appeng.entity.EntityGrowingCrystal
arsmagica2,78,arsmagica2.ShadowHelper,am2.entities.EntityShadowHelper
arsmagica2,79,arsmagica2.BossEnderGuardian,am2.bosses.EntityEnderGuardian
arsmagica2,80,arsmagica2.BossLightningGuardian,am2.bosses.EntityLightningGuardian
arsmagica2,81,arsmagica2.Flicker,am2.entities.EntityFlicker
arsmagica2,82,arsmagica2.BossLifeGuardian,am2.bosses.EntityLifeGuardian
arsmagica2,83,arsmagica2.AirSled,am2.entities.EntityAirSled
arsmagica2,84,arsmagica2.DaBroom,am2.entities.EntityBroom
arsmagica2,85,arsmagica2.HellCow,am2.entities.EntityHellCow
arsmagica2,86,arsmagica2.Shockwave,am2.entities.EntityShockwave
arsmagica2,87,arsmagica2.Whirlwind,am2.entities.EntityWhirlwind
arsmagica2,88,arsmagica2.BossFireGuardian,am2.bosses.EntityFireGuardian
arsmagica2,89,arsmagica2.BossAirGuardian,am2.bosses.EntityAirGuardian
arsmagica2,90,arsmagica2.ThrownArm,am2.entities.EntityWinterGuardianArm
arsmagica2,91,arsmagica2.BossWinterGuardian,am2.bosses.EntityWinterGuardian
arsmagica2,92,arsmagica2.BossWaterGuardian,am2.bosses.EntityWaterGuardian
arsmagica2,93,arsmagica2.ThrownRock,am2.entities.EntityThrownRock
arsmagica2,94,arsmagica2.BossEarthGuardian,am2.bosses.EntityEarthGuardian
arsmagica2,95,arsmagica2.BossArcaneGuardian,am2.bosses.EntityArcaneGuardian
arsmagica2,96,arsmagica2.ThrownSickle,am2.entities.EntityThrownSickle
arsmagica2,97,arsmagica2.BossNatureGuardian,am2.bosses.EntityNatureGuardian
arsmagica2,98,arsmagica2.RiftStorage,am2.entities.EntityRiftStorage
arsmagica2,99,arsmagica2.MobDarkling,am2.entities.EntityDarkling
arsmagica2,100,arsmagica2.MobMageVillager,am2.entities.EntityMageVillager
arsmagica2,101,arsmagica2.ZoneSpell,am2.entities.EntitySpellEffect
arsmagica2,104,arsmagica2.MobDarkMage,am2.entities.EntityDarkMage
arsmagica2,105,arsmagica2.MobLightMage,am2.entities.EntityLightMage
arsmagica2,106,arsmagica2.MobWaterElemental,am2.entities.EntityWaterElemental
arsmagica2,107,arsmagica2.ManaVortex,am2.entities.EntityManaVortex
arsmagica2,108,arsmagica2.MobManaCreeper,am2.entities.EntityManaCreeper
arsmagica2,109,arsmagica2.MobManaElemental,am2.entities.EntityManaElemental
arsmagica2,110,arsmagica2.MobHecate,am2.entities.EntityHecate
arsmagica2,111,arsmagica2.SpellProjectile,am2.entities.EntitySpellProjectile
arsmagica2,112,arsmagica2.MobDryad,am2.entities.EntityDryad
arsmagica2,113,arsmagica2.BattleChicken,am2.entities.EntityBattleChicken
arsmagica2,117,arsmagica2.MobFireElemental,am2.entities.EntityFireElemental
arsmagica2,119,arsmagica2.EarthElemental,am2.entities.EntityEarthElemental
chisel,0,chisel.snowman,team.chisel.entity.EntityChiselSnowman
chisel,1,chisel.CloudInABottle,team.chisel.entity.EntityCloudInABottle
chisel,2,chisel.BallOMoss,team.chisel.entity.EntityBallOMoss
chisel,3,chisel.SmashingRock,team.chisel.entity.EntitySmashingRock
computronics,1,computronics.computronics.itemTape,pl.asie.computronics.item.entity.EntityItemIndestructable
computronics,9,computronics.swarm,pl.asie.computronics.integration.forestry.entity.EntitySwarm
creativecore,0,creativecore.Sit,com.creativemd.creativecore.common.entity.EntitySit
etfuturum,0,etfuturum.wooden_armorstand,ganymedes01.etfuturum.entities.EntityArmourStand
etfuturum,1,etfuturum.endermite,ganymedes01.etfuturum.entities.EntityEndermite
etfuturum,2,etfuturum.tipped_arrow,ganymedes01.etfuturum.entities.EntityTippedArrow
etfuturum,3,etfuturum.rabbit,ganymedes01.etfuturum.entities.EntityRabbit
etfuturum,4,etfuturum.lingering_potion,ganymedes01.etfuturum.entities.EntityLingeringPotion
etfuturum,5,etfuturum.lingering_effect,ganymedes01.etfuturum.entities.EntityLingeringEffect
etfuturum,6,etfuturum.villager_zombie,ganymedes01.etfuturum.entities.EntityZombieVillager
etfuturum,7,etfuturum.end_crystal,ganymedes01.etfuturum.entities.EntityPlacedEndCrystal
etfuturum,8,etfuturum.ender_dragon,ganymedes01.etfuturum.entities.EntityRespawnedDragon
etfuturum,9,etfuturum.snow_golem,ganymedes01.etfuturum.entities.EntityNewSnowGolem
gregtech,1,gregtech.GT_Entity_Arrow,gregtech.common.entities.GT_Entity_Arrow
gregtech,2,gregtech.GT_Entity_Arrow_Potion,gregtech.common.entities.GT_Entity_Arrow_Potion
hardcorewither,0,hardcorewither.BlazeMinion,thor12022.hardcorewither.entity.EntityBlazeMinion
hardcorewither,1,hardcorewither.GhastMinion,thor12022.hardcorewither.entity.EntityGhastMinion
hardcorewither,2,hardcorewither.SkeletonMinion,thor12022.hardcorewither.entity.EntitySkeletonMinion
ironbackpacks,0,ironbackpacks.EntityBackpack,main.ironbackpacks.entity.EntityBackpack
openmodularturrets,1,openmodularturrets.rocketProjectile,openmodularturrets.entity.projectiles.RocketProjectile
openmodularturrets,2,openmodularturrets.grenadeProjectile,openmodularturrets.entity.projectiles.GrenadeProjectile
openmodularturrets,3,openmodularturrets.bulletProjectile,openmodularturrets.entity.projectiles.BulletProjectile
openmodularturrets,4,openmodularturrets.laserProjectile,openmodularturrets.entity.projectiles.LaserProjectile
openmodularturrets,5,openmodularturrets.blazingClayProjectile,openmodularturrets.entity.projectiles.BlazingClayProjectile
psychedelicraft,0,psychedelicraft.molotovCocktail,ivorius.psychedelicraft.entities.EntityMolotovCocktail
psychedelicraft,1,psychedelicraft.realityRift,ivorius.psychedelicraft.entities.EntityRealityRift
psychedelicraft,28,psychedelicraft.molotovCocktail,ivorius.psychedelicraft.entities.EntityMolotovCocktail
wildmobsmod,0,wildmobsmod.Deer,com.wildmobsmod.deer.EntityDeer
wildmobsmod,1,wildmobsmod.Fox,com.wildmobsmod.fox.EntityFox
wildmobsmod,2,wildmobsmod.Cougar,com.wildmobsmod.cougar.EntityCougar
wildmobsmod,4,wildmobsmod.Zomgus,com.wildmobsmod.zomgus.EntityZomgus
wildmobsmod,5,wildmobsmod.Bison,com.wildmobsmod.bison.EntityBison
wildmobsmod,6,wildmobsmod.Wizard,com.wildmobsmod.wizard.EntityWizard
wildmobsmod,7,wildmobsmod.Spell,com.wildmobsmod.spell.EntitySpell
wildmobsmod,8,wildmobsmod.Mouse,com.wildmobsmod.mouse.EntityMouse
wildmobsmod,9,wildmobsmod.Butterfly,com.wildmobsmod.butterfly.EntityButterfly
wildmobsmod,10,wildmobsmod.Tarantula,com.wildmobsmod.tarantula.EntityTarantula
wildmobsmod,11,wildmobsmod.Druid,com.wildmobsmod.druid.EntityDruid
wildmobsmod,12,wildmobsmod.Mired,com.wildmobsmod.mired.EntityMired
wildmobsmod,13,wildmobsmod.Goat,com.wildmobsmod.goat.EntityGoat
wildmobsmod,14,wildmobsmod.DireWolf,com.wildmobsmod.direwolf.EntityDireWolf
witchery,92,witchery.demon,com.emoniph.witchery.entity.EntityDemon
witchery,93,witchery.broom,com.emoniph.witchery.entity.EntityBroom
witchery,94,witchery.brew,com.emoniph.witchery.entity.EntityWitchProjectile
witchery,95,witchery.familiar,com.emoniph.witchery.entity.EntityFamiliar
witchery,96,witchery.mandrake,com.emoniph.witchery.entity.EntityMandrake
witchery,97,witchery.treefyd,com.emoniph.witchery.entity.EntityTreefyd
witchery,98,witchery.hornedHuntsman,com.emoniph.witchery.entity.EntityHornedHuntsman
witchery,99,witchery.spellEffect,com.emoniph.witchery.entity.EntitySpellEffect
witchery,100,witchery.ent,com.emoniph.witchery.entity.EntityEnt
witchery,101,witchery.illusionCreeper,com.emoniph.witchery.entity.EntityIllusionCreeper
witchery,102,witchery.illusionSpider,com.emoniph.witchery.entity.EntityIllusionSpider
witchery,103,witchery.illusionZombie,com.emoniph.witchery.entity.EntityIllusionZombie
witchery,104,witchery.owl,com.emoniph.witchery.entity.EntityOwl
witchery,105,witchery.toad,com.emoniph.witchery.entity.EntityToad
witchery,106,witchery.cat,com.emoniph.witchery.entity.EntityWitchCat
witchery,107,witchery.louse,com.emoniph.witchery.entity.EntityParasyticLouse
witchery,108,witchery.eye,com.emoniph.witchery.entity.EntityEye
witchery,109,witchery.babayaga,com.emoniph.witchery.entity.EntityBabaYaga
witchery,110,witchery.covenwitch,com.emoniph.witchery.entity.EntityCovenWitch
witchery,111,witchery.corpse,com.emoniph.witchery.entity.EntityCorpse
witchery,112,witchery.nightmare,com.emoniph.witchery.entity.EntityNightmare
witchery,113,witchery.spectre,com.emoniph.witchery.entity.EntitySpectre
witchery,114,witchery.poltergeist,com.emoniph.witchery.entity.EntityPoltergeist
witchery,115,witchery.banshee,com.emoniph.witchery.entity.EntityBanshee
witchery,116,witchery.spirit,com.emoniph.witchery.entity.EntitySpirit
witchery,117,witchery.death,com.emoniph.witchery.entity.EntityDeath
witchery,118,witchery.bolt,com.emoniph.witchery.entity.EntityBolt
witchery,119,witchery.witchhunter,com.emoniph.witchery.entity.EntityWitchHunter
witchery,120,witchery.deathhorse,com.emoniph.witchery.entity.EntityDeathsHorse
witchery,121,witchery.lordoftorment,com.emoniph.witchery.entity.EntityLordOfTorment
witchery,122,witchery.soulfire,com.emoniph.witchery.entity.EntitySoulfire
witchery,123,witchery.imp,com.emoniph.witchery.entity.EntityImp
witchery,124,witchery.darkmark,com.emoniph.witchery.entity.EntityDarkMark
witchery,125,witchery.mindrake,com.emoniph.witchery.entity.EntityMindrake
witchery,126,witchery.goblin,com.emoniph.witchery.entity.EntityGoblin
witchery,127,witchery.goblinmog,com.emoniph.witchery.entity.EntityGoblinMog
witchery,128,witchery.goblingulg,com.emoniph.witchery.entity.EntityGoblinGulg
witchery,129,witchery.brew2,com.emoniph.witchery.brewing.EntityBrew
witchery,130,witchery.item,com.emoniph.witchery.entity.EntityItemWaystone
witchery,131,witchery.droplet,com.emoniph.witchery.brewing.EntityDroplet
witchery,132,witchery.splatter,com.emoniph.witchery.brewing.EntitySplatter
witchery,133,witchery.leonard,com.emoniph.witchery.entity.EntityLeonard
witchery,134,witchery.lostsoul,com.emoniph.witchery.entity.EntityLostSoul
witchery,135,witchery.wolfman,com.emoniph.witchery.entity.EntityWolfman
witchery,136,witchery.hellhound,com.emoniph.witchery.entity.EntityHellhound
witchery,137,witchery.werevillager,com.emoniph.witchery.entity.EntityVillagerWere
witchery,138,witchery.villageguard,com.emoniph.witchery.entity.EntityVillageGuard
witchery,139,witchery.vampire,com.emoniph.witchery.entity.EntityVampire
witchery,140,witchery.grenade,com.emoniph.witchery.entity.EntityGrenade
witchery,141,witchery.lilith,com.emoniph.witchery.entity.EntityLilith
witchery,142,witchery.follower,com.emoniph.witchery.entity.EntityFollower
witchery,143,witchery.wingedmonkey,com.emoniph.witchery.entity.EntityWingedMonkey
witchery,144,witchery.attackbat,com.emoniph.witchery.entity.EntityAttackBat
witchery,145,witchery.mirrorface,com.emoniph.witchery.entity.EntityMirrorFace
witchery,146,witchery.reflection,com.emoniph.witchery.entity.EntityReflection
xreliquary,0,xreliquary.entityHGrenade,xreliquary.entities.EntityHolyHandGrenade
xreliquary,1,xreliquary.entityHolyWater,xreliquary.entities.EntityGlowingWater
xreliquary,2,xreliquary.entitySpecialSnowball,xreliquary.entities.EntitySpecialSnowball
xreliquary,3,xreliquary.entityNeutralShot,xreliquary.entities.shot.EntityNeutralShot
xreliquary,4,xreliquary.entityExorcismShot,xreliquary.entities.shot.EntityExorcismShot
xreliquary,5,xreliquary.entityBlazeShot,xreliquary.entities.shot.EntityBlazeShot
xreliquary,6,xreliquary.entityEnderShot,xreliquary.entities.shot.EntityEnderShot
xreliquary,7,xreliquary.entityConcussiveShot,xreliquary.entities.shot.EntityConcussiveShot
xreliquary,8,xreliquary.entityBusterShot,xreliquary.entities.shot.EntityBusterShot
xreliquary,9,xreliquary.entitySeekerShot,xreliquary.entities.shot.EntitySeekerShot
xreliquary,10,xreliquary.entitySandShot,xreliquary.entities.shot.EntitySandShot
xreliquary,11,xreliquary.entityStormShot,xreliquary.entities.shot.EntityStormShot
xreliquary,12,xreliquary.entitySplashAphrodite,xreliquary.entities.potion.EntityAttractionPotion
xreliquary,13,xreliquary.entityThrownPotion,xreliquary.entities.potion.EntityThrownXRPotion
xreliquary,21,xreliquary.entitySplashFertility,xreliquary.entities.potion.EntityFertilePotion
xreliquary,22,xreliquary.entityKSlime,xreliquary.entities.EntityKrakenSlime
xreliquary,23,xreliquary.entityEnderStaffProjectile,xreliquary.entities.EntityEnderStaffProjectile
