Class Name,Type
appeng.integration.modules.NEIHelpers.NEIAEShapedRecipeHandler,crafting
appeng.integration.modules.NEIHelpers.NEIAEShapelessRecipeHandler,crafting
appeng.integration.modules.NEIHelpers.NEIInscriberRecipeHandler,crafting
appeng.integration.modules.NEIHelpers.NEIWorldCraftingHandler,crafting
appeng.integration.modules.NEIHelpers.NEIGrinderRecipeHandler,crafting
appeng.integration.modules.NEIHelpers.NEIFacadeRecipeHandler,crafting
buildcraft.compat.nei.RecipeHandlerRefinery,crafting
buildcraft.compat.nei.RecipeHandlerAssemblyTable,crafting
buildcraft.compat.nei.RecipeHandlerIntegrationTable,crafting
com.creativemd.creativecore.api.nei.NEIRecipeInfoHandler,crafting
extracells.integration.nei.UniversalTerminalRecipe,crafting
com.InfinityRaider.AgriCraft.compatibility.NEI.NEICropMutationHandler,crafting
com.InfinityRaider.AgriCraft.compatibility.NEI.NEICropProductHandler,crafting
fox.spiteful.avaritia.compat.nei.ExtremeShapedRecipeHandler,crafting
fox.spiteful.avaritia.compat.nei.ExtremeShapelessRecipeHandler,crafting
fox.spiteful.avaritia.compat.nei.CompressionHandler,crafting
speiger.src.crops.core.NeiCrops,crafting
codechicken.nei.recipe.ShapedRecipeHandler,crafting
codechicken.nei.recipe.ShapelessRecipeHandler,crafting
codechicken.nei.recipe.FireworkRecipeHandler,crafting
codechicken.nei.recipe.FurnaceRecipeHandler,crafting
codechicken.nei.recipe.BrewingRecipeHandler,crafting
codechicken.nei.recipe.FuelRecipeHandler,crafting
codechicken.nei.recipe.ProfilerRecipeHandler,crafting
zmaster587.advancedRocketry.integration.nei.LatheNEI,crafting
zmaster587.advancedRocketry.integration.nei.PrecisionAssemberNEI,crafting
zmaster587.advancedRocketry.integration.nei.BlastFurnaceNEI,crafting
zmaster587.advancedRocketry.integration.nei.CrystallizerNEI,crafting
zmaster587.advancedRocketry.integration.nei.CuttingMachineNEI,crafting
zmaster587.advancedRocketry.integration.nei.RollingMachineNEI,crafting
zmaster587.advancedRocketry.integration.nei.PlatePresserNEI,crafting
zmaster587.advancedRocketry.integration.nei.ElectrolyserNEI,crafting
zmaster587.advancedRocketry.integration.nei.ChemicalReactorNEI,crafting
forestry.factory.recipes.nei.NEIHandlerBottler,crafting
forestry.factory.recipes.nei.NEIHandlerCarpenter,crafting
forestry.factory.recipes.nei.NEIHandlerCentrifuge,crafting
forestry.factory.recipes.nei.NEIHandlerFabricator,crafting
forestry.factory.recipes.nei.NEIHandlerFermenter,crafting
forestry.factory.recipes.nei.NEIHandlerMoistener,crafting
forestry.factory.recipes.nei.NEIHandlerSqueezer,crafting
forestry.factory.recipes.nei.NEIHandlerStill,crafting
ic2.neiIntegration.core.recipehandler.AdvRecipeHandler,crafting
ic2.neiIntegration.core.recipehandler.AdvShapelessRecipeHandler,crafting
ic2.neiIntegration.core.recipehandler.MaceratorRecipeHandler,crafting
ic2.neiIntegration.core.recipehandler.ExtractorRecipeHandler,crafting
ic2.neiIntegration.core.recipehandler.CompressorRecipeHandler,crafting
ic2.neiIntegration.core.recipehandler.ScrapboxRecipeHandler,crafting
ic2.neiIntegration.core.recipehandler.MetalFormerRecipeHandlerExtruding,crafting
ic2.neiIntegration.core.recipehandler.MetalFormerRecipeHandlerCutting,crafting
ic2.neiIntegration.core.recipehandler.MetalFormerRecipeHandlerRolling,crafting
ic2.neiIntegration.core.recipehandler.CentrifugeRecipeHandler,crafting
ic2.neiIntegration.core.recipehandler.BlockCutterRecipeHandler,crafting
ic2.neiIntegration.core.recipehandler.OreWashingRecipeHandler,crafting
ic2.neiIntegration.core.recipehandler.SolidCannerRecipeHandler,crafting
ic2.neiIntegration.core.recipehandler.BlastFurnaceRecipeHandler,crafting
ic2.neiIntegration.core.recipehandler.LatheRecipeHandler,crafting
ic2.neiIntegration.core.recipehandler.FluidCannerRecipeHandler,crafting
logisticspipes.nei.NEISolderingStationRecipeManager,crafting
mekanism.client.nei.EnrichmentChamberRecipeHandler,crafting
mekanism.client.nei.OsmiumCompressorRecipeHandler,crafting
mekanism.client.nei.CrusherRecipeHandler,crafting
mekanism.client.nei.CombinerRecipeHandler,crafting
mekanism.client.nei.MetallurgicInfuserRecipeHandler,crafting
mekanism.client.nei.PurificationChamberRecipeHandler,crafting
mekanism.client.nei.ChemicalInjectionChamberRecipeHandler,crafting
mekanism.client.nei.ChemicalOxidizerRecipeHandler,crafting
mekanism.client.nei.ChemicalInfuserRecipeHandler,crafting
mekanism.client.nei.RotaryCondensentratorRecipeHandler,crafting
mekanism.client.nei.ElectrolyticSeparatorRecipeHandler,crafting
mekanism.client.nei.PrecisionSawmillRecipeHandler,crafting
mekanism.client.nei.ThermalEvaporationRecipeHandler,crafting
mekanism.client.nei.ChemicalDissolutionChamberRecipeHandler,crafting
mekanism.client.nei.ChemicalWasherRecipeHandler,crafting
mekanism.client.nei.ChemicalCrystallizerRecipeHandler,crafting
mekanism.client.nei.PRCRecipeHandler,crafting
mekanism.client.nei.SolarNeutronRecipeHandler,crafting
mekanism.client.nei.ShapedMekanismRecipeHandler,crafting
mekanism.client.nei.ShapelessMekanismRecipeHandler,crafting
joshie.progression.nei.NEIOverrideHandler,crafting
mrtjp.projectred.core.libmc.recipe.PRShapedRecipeHandler,crafting
mrtjp.projectred.core.libmc.recipe.PRShapelessRecipeHandler,crafting
witchinggadgets.client.nei.NEISpinningWheelHandler,crafting
witchinggadgets.client.nei.NEIInfernalBlastfurnaceHandler,crafting
advsolar.client.nei.MTRecipeHandler,crafting
WayofTime.alchemicalWizardry.client.nei.NEIAlchemyRecipeHandler,crafting
WayofTime.alchemicalWizardry.client.nei.NEIAltarRecipeHandler,crafting
WayofTime.alchemicalWizardry.client.nei.NEIBloodOrbShapedHandler,crafting
WayofTime.alchemicalWizardry.client.nei.NEIBloodOrbShapelessHandler,crafting
WayofTime.alchemicalWizardry.client.nei.NEIBindingRitualHandler,crafting
vazkii.botania.client.integration.nei.recipe.RecipeHandlerFloatingFlowers,crafting
vazkii.botania.client.integration.nei.recipe.RecipeHandlerPetalApothecary,crafting
vazkii.botania.client.integration.nei.recipe.RecipeHandlerRunicAltar,crafting
vazkii.botania.client.integration.nei.recipe.RecipeHandlerManaPool,crafting
vazkii.botania.client.integration.nei.recipe.RecipeHandlerElvenTrade,crafting
vazkii.botania.client.integration.nei.recipe.RecipeHandlerBrewery,crafting
vazkii.botania.client.integration.nei.recipe.RecipeHandlerPureDaisy,crafting
vazkii.botania.client.integration.nei.recipe.RecipeHandlerLexicaBotania,crafting
team.chisel.compat.nei.RecipeHandlerChisel,crafting
net.bdew.compacter.nei.CompacterRecipeHandler,crafting
crazypants.enderio.nei.AlloySmelterRecipeHandler,crafting
crazypants.enderio.nei.SagMillRecipeHandler,crafting
crazypants.enderio.nei.VatRecipeHandler,crafting
crazypants.enderio.nei.EnchanterRecipeHandler,crafting
crazypants.enderio.nei.SliceAndSpliceRecipeHandler,crafting
crazypants.enderio.nei.SoulBinderRecipeHandler,crafting
gregtech.nei.GT_NEI_DefaultHandler,crafting
gregtech.nei.GT_NEI_DefaultHandler,crafting
gregtech.nei.GT_NEI_DefaultHandler,crafting
gregtech.nei.GT_NEI_DefaultHandler,crafting
gregtech.nei.GT_NEI_DefaultHandler,crafting
gregtech.nei.GT_NEI_DefaultHandler,crafting
gregtech.nei.GT_NEI_DefaultHandler,crafting
gregtech.nei.GT_NEI_DefaultHandler,crafting
gregtech.nei.GT_NEI_DefaultHandler,crafting
gregtech.nei.GT_NEI_DefaultHandler,crafting
gregtech.nei.GT_NEI_DefaultHandler,crafting
gregtech.nei.GT_NEI_DefaultHandler,crafting
gregtech.nei.GT_NEI_DefaultHandler,crafting
gregtech.nei.GT_NEI_DefaultHandler,crafting
gregtech.nei.GT_NEI_DefaultHandler,crafting
gregtech.nei.GT_NEI_DefaultHandler,crafting
gregtech.nei.GT_NEI_DefaultHandler,crafting
gregtech.nei.GT_NEI_DefaultHandler,crafting
gregtech.nei.GT_NEI_DefaultHandler,crafting
gregtech.nei.GT_NEI_DefaultHandler,crafting
gregtech.nei.GT_NEI_DefaultHandler,crafting
gregtech.nei.GT_NEI_DefaultHandler,crafting
gregtech.nei.GT_NEI_DefaultHandler,crafting
gregtech.nei.GT_NEI_DefaultHandler,crafting
gregtech.nei.GT_NEI_DefaultHandler,crafting
gregtech.nei.GT_NEI_DefaultHandler,crafting
gregtech.nei.GT_NEI_DefaultHandler,crafting
gregtech.nei.GT_NEI_DefaultHandler,crafting
gregtech.nei.GT_NEI_DefaultHandler,crafting
gregtech.nei.GT_NEI_DefaultHandler,crafting
gregtech.nei.GT_NEI_DefaultHandler,crafting
gregtech.nei.GT_NEI_DefaultHandler,crafting
gregtech.nei.GT_NEI_DefaultHandler,crafting
gregtech.nei.GT_NEI_DefaultHandler,crafting
gregtech.nei.GT_NEI_DefaultHandler,crafting
gregtech.nei.GT_NEI_DefaultHandler,crafting
gregtech.nei.GT_NEI_DefaultHandler,crafting
gregtech.nei.GT_NEI_DefaultHandler,crafting
gregtech.nei.GT_NEI_DefaultHandler,crafting
gregtech.nei.GT_NEI_DefaultHandler,crafting
gregtech.nei.GT_NEI_DefaultHandler,crafting
gregtech.nei.GT_NEI_DefaultHandler,crafting
gregtech.nei.GT_NEI_DefaultHandler,crafting
gregtech.nei.GT_NEI_DefaultHandler,crafting
gregtech.nei.GT_NEI_DefaultHandler,crafting
gregtech.nei.GT_NEI_DefaultHandler,crafting
gregtech.nei.GT_NEI_DefaultHandler,crafting
gregtech.nei.GT_NEI_DefaultHandler,crafting
gregtech.nei.GT_NEI_DefaultHandler,crafting
gregtech.nei.GT_NEI_DefaultHandler,crafting
gregtech.nei.GT_NEI_DefaultHandler,crafting
gregtech.nei.GT_NEI_DefaultHandler,crafting
gregtech.nei.GT_NEI_DefaultHandler,crafting
gregtech.nei.GT_NEI_DefaultHandler,crafting
gregtech.nei.GT_NEI_DefaultHandler,crafting
gregtech.nei.GT_NEI_DefaultHandler,crafting
gregtech.nei.GT_NEI_DefaultHandler,crafting
gregtech.nei.GT_NEI_DefaultHandler,crafting
gregtech.nei.GT_NEI_DefaultHandler,crafting
gregtech.nei.GT_NEI_DefaultHandler,crafting
gregtech.nei.GT_NEI_DefaultHandler,crafting
gregtech.nei.GT_NEI_DefaultHandler,crafting
ganymedes01.etfuturum.client.nei.BannerPatternHandler,crafting
com.rwtema.extrautils.nei.EnderConstructorHandler,crafting
com.rwtema.extrautils.nei.InfoHandler,crafting
com.rwtema.extrautils.nei.SoulHandler,crafting
com.rwtema.extrautils.nei.FMPMicroBlocksHandler,crafting
com.rwtema.extrautils.nei.MicroBlocksHandler,crafting
blusunrize.immersiveengineering.client.nei.NEIShaderBagHandler,crafting
blusunrize.immersiveengineering.client.nei.NEIBlueprintHandler,crafting
blusunrize.immersiveengineering.client.nei.NEICokeOvenHandler,crafting
blusunrize.immersiveengineering.client.nei.NEIBlastFurnaceHandler,crafting
blusunrize.immersiveengineering.client.nei.NEISqueezerHandler,crafting
blusunrize.immersiveengineering.client.nei.NEIFermenterHandler,crafting
blusunrize.immersiveengineering.client.nei.NEIRefineryHandler,crafting
blusunrize.immersiveengineering.client.nei.NEIBottlingMachineHandler,crafting
blusunrize.immersiveengineering.client.nei.NEIMetalPressHandler,crafting
blusunrize.immersiveengineering.client.nei.NEICrusherHandler,crafting
NEIArcFurnaceHandlerAlloying,crafting
NEIArcFurnaceHandlerOres,crafting
NEIArcFurnaceHandlerRecycling,crafting
blusunrize.immersiveengineering.client.nei.NEIArcFurnaceHandler,crafting
tconstruct.plugins.nei.RecipeHandlerDryingRack,crafting
tconstruct.plugins.nei.RecipeHandlerToolMaterials,crafting
tconstruct.plugins.nei.RecipeHandlerMelting,crafting
tconstruct.plugins.nei.RecipeHandlerAlloying,crafting
tconstruct.plugins.nei.RecipeHandlerCastingTable,crafting
tconstruct.plugins.nei.RecipeHandlerCastingBasin,crafting
net.bdew.gendustry.nei.TemplateCraftingHandler,crafting
net.bdew.gendustry.nei.MutagenProducerHandler,crafting
net.bdew.gendustry.nei.MutatronHandler,crafting
net.bdew.gendustry.nei.SamplerHandler,crafting
net.bdew.gendustry.nei.ImprinterHandler,crafting
net.bdew.gendustry.nei.ExtractorHandler,crafting
net.bdew.gendustry.nei.LiquifierHandler,crafting
net.bdew.gendustry.nei.ReplicatorHandler,crafting
net.bdew.gendustry.nei.TransposerHandler,crafting
com.cout970.magneticraft.compat.nei.CraftingCrusher,crafting
com.cout970.magneticraft.compat.nei.CraftingGrinder,crafting
com.cout970.magneticraft.compat.nei.CraftingPolymerizer,crafting
com.cout970.magneticraft.compat.nei.CraftingBiomassBurner,crafting
com.cout970.magneticraft.compat.nei.CraftingSifter,crafting
net.bdew.neiaddons.botany.flowers.FlowerBreedingHandler,crafting
net.bdew.neiaddons.forestry.bees.BeeBreedingHandler,crafting
net.bdew.neiaddons.forestry.bees.BeeProduceHandler,crafting
net.bdew.neiaddons.forestry.trees.TreeBreedingHandler,crafting
net.bdew.neiaddons.forestry.trees.TreeProduceHandler,crafting
net.bdew.neiaddons.forestry.butterflies.ButterflyBreedingHandler,crafting
tonius.neiintegration.mods.mcforge.RecipeHandlerFluidRegistry,crafting
tonius.neiintegration.mods.mcforge.RecipeHandlerOreDictionary,crafting
tonius.neiintegration.mods.harvestcraft.RecipeHandlerApiary,crafting
tonius.neiintegration.mods.harvestcraft.RecipeHandlerPresser,crafting
tonius.neiintegration.mods.harvestcraft.RecipeHandlerOven,crafting
tonius.neiintegration.mods.harvestcraft.RecipeHandlerChurn,crafting
tonius.neiintegration.mods.harvestcraft.RecipeHandlerQuern,crafting
tonius.neiintegration.mods.minefactoryreloaded.RecipeHandlerBioReactor,crafting
tonius.neiintegration.mods.minefactoryreloaded.RecipeHandlerComposter,crafting
tonius.neiintegration.mods.minefactoryreloaded.RecipeHandlerGrinder,crafting
tonius.neiintegration.mods.minefactoryreloaded.RecipeHandlerHarvester,crafting
tonius.neiintegration.mods.minefactoryreloaded.RecipeHandlerLaserDrill,crafting
tonius.neiintegration.mods.minefactoryreloaded.RecipeHandlerLavaFabricator,crafting
tonius.neiintegration.mods.minefactoryreloaded.RecipeHandlerMeatPacker,crafting
tonius.neiintegration.mods.minefactoryreloaded.RecipeHandlerSewer,crafting
tonius.neiintegration.mods.minefactoryreloaded.RecipeHandlerSlaughterhouse,crafting
tonius.neiintegration.mods.minefactoryreloaded.RecipeHandlerSludgeBoiler,crafting
tonius.neiintegration.mods.railcraft.RecipeHandlerBlastFurnace,crafting
tonius.neiintegration.mods.railcraft.RecipeHandlerCokeOven,crafting
tonius.neiintegration.mods.railcraft.RecipeHandlerRockCrusher,crafting
tonius.neiintegration.mods.railcraft.RecipeHandlerRollingMachineShaped,crafting
tonius.neiintegration.mods.railcraft.RecipeHandlerRollingMachineShapeless,crafting
nc.crafting.nei.CrusherRecipeHandler,crafting
nc.crafting.nei.CrusherFuelRecipeHandler,crafting
nc.crafting.nei.MetalFurnaceRecipeHandler,crafting
nc.crafting.nei.MetalFurnaceFuelRecipeHandler,crafting
nc.crafting.nei.NuclearFurnaceRecipeHandler,crafting
nc.crafting.nei.NuclearFurnaceFuelRecipeHandler,crafting
nc.crafting.nei.ElectricCrusherRecipeHandler,crafting
nc.crafting.nei.ElectricFurnaceRecipeHandler,crafting
nc.crafting.nei.RecyclerRecipeHandler,crafting
nc.crafting.nei.HastenerRecipeHandler,crafting
nc.crafting.nei.SeparatorRecipeHandler,crafting
nc.crafting.nei.NuclearWorkspaceRecipeHandler,crafting
nc.crafting.nei.FissionRecipeHandler,crafting
nc.crafting.nei.FissionSteamRecipeHandler,crafting
nc.crafting.nei.CollectorRecipeHandler,crafting
nc.crafting.nei.ElectrolyserRecipeHandler,crafting
nc.crafting.nei.OxidiserRecipeHandler,crafting
nc.crafting.nei.IoniserRecipeHandler,crafting
nc.crafting.nei.FactoryRecipeHandler,crafting
nc.crafting.nei.IrradiatorRecipeHandler,crafting
nc.crafting.nei.CoolerRecipeHandler,crafting
nc.crafting.nei.HeliumExtractorRecipeHandler,crafting
nc.crafting.nei.AssemblerRecipeHandler,crafting
nc.crafting.nei.FusionRecipeHandler,crafting
nc.crafting.nei.FusionSteamRecipeHandler,crafting
nc.crafting.nei.InfoUsageHandler,crafting
pneumaticCraft.common.thirdparty.nei.NEIPressureChamberRecipeManager,crafting
pneumaticCraft.common.thirdparty.nei.NEIAssemblyControllerRecipeManager,crafting
pneumaticCraft.common.thirdparty.nei.NEIThermopneumaticProcessingPlantManager,crafting
pneumaticCraft.common.thirdparty.nei.NEIRefineryManager,crafting
pneumaticCraft.common.thirdparty.nei.NEIEtchingAcidManager,crafting
pneumaticCraft.common.thirdparty.nei.NEIUVLightBoxManager,crafting
pneumaticCraft.common.thirdparty.nei.NEIAmadronTradeManager,crafting
pneumaticCraft.common.thirdparty.nei.NEIPlasticMixerManager,crafting
com.jaquadro.minecraft.storagedrawers.integration.notenoughitems.UpgradeItemRecipeHandler,crafting
com.djgiannuzz.thaumcraftneiplugin.nei.recipehandler.ArcaneShapedRecipeHandler,crafting
com.djgiannuzz.thaumcraftneiplugin.nei.recipehandler.ArcaneShapelessRecipeHandler,crafting
com.djgiannuzz.thaumcraftneiplugin.nei.recipehandler.CrucibleRecipeHandler,crafting
com.djgiannuzz.thaumcraftneiplugin.nei.recipehandler.InfusionRecipeHandler,crafting
com.djgiannuzz.thaumcraftneiplugin.nei.recipehandler.AspectRecipeHandler,crafting
com.emoniph.witchery.integration.NEIWitchesOvenRecipeHandler,crafting
com.emoniph.witchery.integration.NEIDistilleryRecipeHandler,crafting
com.emoniph.witchery.integration.NEIKettleRecipeHandler,crafting
com.emoniph.witchery.integration.NEICauldronRecipeHandler,crafting
com.emoniph.witchery.integration.NEISpinningWheelRecipeHandler,crafting
appeng.integration.modules.NEIHelpers.NEIAEShapedRecipeHandler,usage
appeng.integration.modules.NEIHelpers.NEIAEShapelessRecipeHandler,usage
appeng.integration.modules.NEIHelpers.NEIInscriberRecipeHandler,usage
appeng.integration.modules.NEIHelpers.NEIWorldCraftingHandler,usage
appeng.integration.modules.NEIHelpers.NEIGrinderRecipeHandler,usage
appeng.integration.modules.NEIHelpers.NEIFacadeRecipeHandler,usage
buildcraft.compat.nei.RecipeHandlerRefinery,usage
buildcraft.compat.nei.RecipeHandlerAssemblyTable,usage
buildcraft.compat.nei.RecipeHandlerIntegrationTable,usage
com.creativemd.creativecore.api.nei.NEIRecipeInfoHandler,usage
extracells.integration.nei.UniversalTerminalRecipe,usage
com.InfinityRaider.AgriCraft.compatibility.NEI.NEICropMutationHandler,usage
com.InfinityRaider.AgriCraft.compatibility.NEI.NEICropProductHandler,usage
fox.spiteful.avaritia.compat.nei.ExtremeShapedRecipeHandler,usage
fox.spiteful.avaritia.compat.nei.ExtremeShapelessRecipeHandler,usage
fox.spiteful.avaritia.compat.nei.CompressionHandler,usage
speiger.src.crops.core.NeiCrops,usage
codechicken.nei.recipe.ShapedRecipeHandler,usage
codechicken.nei.recipe.ShapelessRecipeHandler,usage
codechicken.nei.recipe.FireworkRecipeHandler,usage
codechicken.nei.recipe.FurnaceRecipeHandler,usage
codechicken.nei.recipe.BrewingRecipeHandler,usage
codechicken.nei.recipe.FuelRecipeHandler,usage
codechicken.nei.recipe.ProfilerRecipeHandler,usage
zmaster587.advancedRocketry.integration.nei.LatheNEI,usage
zmaster587.advancedRocketry.integration.nei.PrecisionAssemberNEI,usage
zmaster587.advancedRocketry.integration.nei.BlastFurnaceNEI,usage
zmaster587.advancedRocketry.integration.nei.CrystallizerNEI,usage
zmaster587.advancedRocketry.integration.nei.CuttingMachineNEI,usage
zmaster587.advancedRocketry.integration.nei.RollingMachineNEI,usage
zmaster587.advancedRocketry.integration.nei.PlatePresserNEI,usage
zmaster587.advancedRocketry.integration.nei.ElectrolyserNEI,usage
zmaster587.advancedRocketry.integration.nei.ChemicalReactorNEI,usage
forestry.factory.recipes.nei.NEIHandlerBottler,usage
forestry.factory.recipes.nei.NEIHandlerCarpenter,usage
forestry.factory.recipes.nei.NEIHandlerCentrifuge,usage
forestry.factory.recipes.nei.NEIHandlerFabricator,usage
forestry.factory.recipes.nei.NEIHandlerFermenter,usage
forestry.factory.recipes.nei.NEIHandlerMoistener,usage
forestry.factory.recipes.nei.NEIHandlerSqueezer,usage
forestry.factory.recipes.nei.NEIHandlerStill,usage
ic2.neiIntegration.core.recipehandler.AdvRecipeHandler,usage
ic2.neiIntegration.core.recipehandler.AdvShapelessRecipeHandler,usage
ic2.neiIntegration.core.recipehandler.MaceratorRecipeHandler,usage
ic2.neiIntegration.core.recipehandler.ExtractorRecipeHandler,usage
ic2.neiIntegration.core.recipehandler.CompressorRecipeHandler,usage
ic2.neiIntegration.core.recipehandler.ScrapboxRecipeHandler,usage
ic2.neiIntegration.core.recipehandler.MetalFormerRecipeHandlerExtruding,usage
ic2.neiIntegration.core.recipehandler.MetalFormerRecipeHandlerCutting,usage
ic2.neiIntegration.core.recipehandler.MetalFormerRecipeHandlerRolling,usage
ic2.neiIntegration.core.recipehandler.CentrifugeRecipeHandler,usage
ic2.neiIntegration.core.recipehandler.BlockCutterRecipeHandler,usage
ic2.neiIntegration.core.recipehandler.OreWashingRecipeHandler,usage
ic2.neiIntegration.core.recipehandler.SolidCannerRecipeHandler,usage
ic2.neiIntegration.core.recipehandler.BlastFurnaceRecipeHandler,usage
ic2.neiIntegration.core.recipehandler.LatheRecipeHandler,usage
ic2.neiIntegration.core.recipehandler.FluidCannerRecipeHandler,usage
logisticspipes.nei.NEISolderingStationRecipeManager,usage
mekanism.client.nei.EnrichmentChamberRecipeHandler,usage
mekanism.client.nei.OsmiumCompressorRecipeHandler,usage
mekanism.client.nei.CrusherRecipeHandler,usage
mekanism.client.nei.CombinerRecipeHandler,usage
mekanism.client.nei.MetallurgicInfuserRecipeHandler,usage
mekanism.client.nei.PurificationChamberRecipeHandler,usage
mekanism.client.nei.ChemicalInjectionChamberRecipeHandler,usage
mekanism.client.nei.ChemicalOxidizerRecipeHandler,usage
mekanism.client.nei.ChemicalInfuserRecipeHandler,usage
mekanism.client.nei.RotaryCondensentratorRecipeHandler,usage
mekanism.client.nei.ElectrolyticSeparatorRecipeHandler,usage
mekanism.client.nei.PrecisionSawmillRecipeHandler,usage
mekanism.client.nei.ThermalEvaporationRecipeHandler,usage
mekanism.client.nei.ChemicalDissolutionChamberRecipeHandler,usage
mekanism.client.nei.ChemicalWasherRecipeHandler,usage
mekanism.client.nei.ChemicalCrystallizerRecipeHandler,usage
mekanism.client.nei.PRCRecipeHandler,usage
mekanism.client.nei.SolarNeutronRecipeHandler,usage
mekanism.client.nei.ShapedMekanismRecipeHandler,usage
mekanism.client.nei.ShapelessMekanismRecipeHandler,usage
li.cil.oc.integration.nei.ManualUsageHandler,usage
li.cil.oc.integration.nei.CallbackDocHandler,usage
joshie.progression.nei.NEIOverrideHandler,usage
mrtjp.projectred.core.libmc.recipe.PRShapedRecipeHandler,usage
mrtjp.projectred.core.libmc.recipe.PRShapelessRecipeHandler,usage
witchinggadgets.client.nei.NEISpinningWheelHandler,usage
witchinggadgets.client.nei.NEIInfernalBlastfurnaceHandler,usage
advsolar.client.nei.MTRecipeHandler,usage
WayofTime.alchemicalWizardry.client.nei.NEIAlchemyRecipeHandler,usage
WayofTime.alchemicalWizardry.client.nei.NEIAltarRecipeHandler,usage
WayofTime.alchemicalWizardry.client.nei.NEIBloodOrbShapedHandler,usage
WayofTime.alchemicalWizardry.client.nei.NEIBloodOrbShapelessHandler,usage
WayofTime.alchemicalWizardry.client.nei.NEIBindingRitualHandler,usage
vazkii.botania.client.integration.nei.recipe.RecipeHandlerFloatingFlowers,usage
vazkii.botania.client.integration.nei.recipe.RecipeHandlerPetalApothecary,usage
vazkii.botania.client.integration.nei.recipe.RecipeHandlerRunicAltar,usage
vazkii.botania.client.integration.nei.recipe.RecipeHandlerManaPool,usage
vazkii.botania.client.integration.nei.recipe.RecipeHandlerElvenTrade,usage
vazkii.botania.client.integration.nei.recipe.RecipeHandlerBrewery,usage
vazkii.botania.client.integration.nei.recipe.RecipeHandlerPureDaisy,usage
vazkii.botania.client.integration.nei.recipe.RecipeHandlerLexicaBotania,usage
team.chisel.compat.nei.RecipeHandlerChisel,usage
net.bdew.compacter.nei.CompacterRecipeHandler,usage
crazypants.enderio.nei.AlloySmelterRecipeHandler,usage
crazypants.enderio.nei.SagMillRecipeHandler,usage
crazypants.enderio.nei.VatRecipeHandler,usage
crazypants.enderio.nei.EnchanterRecipeHandler,usage
crazypants.enderio.nei.SliceAndSpliceRecipeHandler,usage
crazypants.enderio.nei.SoulBinderRecipeHandler,usage
gregtech.nei.GT_NEI_DefaultHandler,usage
gregtech.nei.GT_NEI_DefaultHandler,usage
gregtech.nei.GT_NEI_DefaultHandler,usage
gregtech.nei.GT_NEI_DefaultHandler,usage
gregtech.nei.GT_NEI_DefaultHandler,usage
gregtech.nei.GT_NEI_DefaultHandler,usage
gregtech.nei.GT_NEI_DefaultHandler,usage
gregtech.nei.GT_NEI_DefaultHandler,usage
gregtech.nei.GT_NEI_DefaultHandler,usage
gregtech.nei.GT_NEI_DefaultHandler,usage
gregtech.nei.GT_NEI_DefaultHandler,usage
gregtech.nei.GT_NEI_DefaultHandler,usage
gregtech.nei.GT_NEI_DefaultHandler,usage
gregtech.nei.GT_NEI_DefaultHandler,usage
gregtech.nei.GT_NEI_DefaultHandler,usage
gregtech.nei.GT_NEI_DefaultHandler,usage
gregtech.nei.GT_NEI_DefaultHandler,usage
gregtech.nei.GT_NEI_DefaultHandler,usage
gregtech.nei.GT_NEI_DefaultHandler,usage
gregtech.nei.GT_NEI_DefaultHandler,usage
gregtech.nei.GT_NEI_DefaultHandler,usage
gregtech.nei.GT_NEI_DefaultHandler,usage
gregtech.nei.GT_NEI_DefaultHandler,usage
gregtech.nei.GT_NEI_DefaultHandler,usage
gregtech.nei.GT_NEI_DefaultHandler,usage
gregtech.nei.GT_NEI_DefaultHandler,usage
gregtech.nei.GT_NEI_DefaultHandler,usage
gregtech.nei.GT_NEI_DefaultHandler,usage
gregtech.nei.GT_NEI_DefaultHandler,usage
gregtech.nei.GT_NEI_DefaultHandler,usage
gregtech.nei.GT_NEI_DefaultHandler,usage
gregtech.nei.GT_NEI_DefaultHandler,usage
gregtech.nei.GT_NEI_DefaultHandler,usage
gregtech.nei.GT_NEI_DefaultHandler,usage
gregtech.nei.GT_NEI_DefaultHandler,usage
gregtech.nei.GT_NEI_DefaultHandler,usage
gregtech.nei.GT_NEI_DefaultHandler,usage
gregtech.nei.GT_NEI_DefaultHandler,usage
gregtech.nei.GT_NEI_DefaultHandler,usage
gregtech.nei.GT_NEI_DefaultHandler,usage
gregtech.nei.GT_NEI_DefaultHandler,usage
gregtech.nei.GT_NEI_DefaultHandler,usage
gregtech.nei.GT_NEI_DefaultHandler,usage
gregtech.nei.GT_NEI_DefaultHandler,usage
gregtech.nei.GT_NEI_DefaultHandler,usage
gregtech.nei.GT_NEI_DefaultHandler,usage
gregtech.nei.GT_NEI_DefaultHandler,usage
gregtech.nei.GT_NEI_DefaultHandler,usage
gregtech.nei.GT_NEI_DefaultHandler,usage
gregtech.nei.GT_NEI_DefaultHandler,usage
gregtech.nei.GT_NEI_DefaultHandler,usage
gregtech.nei.GT_NEI_DefaultHandler,usage
gregtech.nei.GT_NEI_DefaultHandler,usage
gregtech.nei.GT_NEI_DefaultHandler,usage
gregtech.nei.GT_NEI_DefaultHandler,usage
gregtech.nei.GT_NEI_DefaultHandler,usage
gregtech.nei.GT_NEI_DefaultHandler,usage
gregtech.nei.GT_NEI_DefaultHandler,usage
gregtech.nei.GT_NEI_DefaultHandler,usage
gregtech.nei.GT_NEI_DefaultHandler,usage
gregtech.nei.GT_NEI_DefaultHandler,usage
gregtech.nei.GT_NEI_DefaultHandler,usage
ganymedes01.etfuturum.client.nei.BannerPatternHandler,usage
com.rwtema.extrautils.nei.EnderConstructorHandler,usage
com.rwtema.extrautils.nei.InfoHandler,usage
com.rwtema.extrautils.nei.SoulHandler,usage
com.rwtema.extrautils.nei.FMPMicroBlocksHandler,usage
com.rwtema.extrautils.nei.MicroBlocksHandler,usage
blusunrize.immersiveengineering.client.nei.NEIShaderBagHandler,usage
blusunrize.immersiveengineering.client.nei.NEIBlueprintHandler,usage
blusunrize.immersiveengineering.client.nei.NEICokeOvenHandler,usage
blusunrize.immersiveengineering.client.nei.NEIBlastFurnaceHandler,usage
blusunrize.immersiveengineering.client.nei.NEISqueezerHandler,usage
blusunrize.immersiveengineering.client.nei.NEIFermenterHandler,usage
blusunrize.immersiveengineering.client.nei.NEIRefineryHandler,usage
blusunrize.immersiveengineering.client.nei.NEIBottlingMachineHandler,usage
blusunrize.immersiveengineering.client.nei.NEIMetalPressHandler,usage
blusunrize.immersiveengineering.client.nei.NEICrusherHandler,usage
NEIArcFurnaceHandlerAlloying,usage
NEIArcFurnaceHandlerOres,usage
NEIArcFurnaceHandlerRecycling,usage
blusunrize.immersiveengineering.client.nei.NEIArcFurnaceHandler,usage
tconstruct.plugins.nei.RecipeHandlerDryingRack,usage
tconstruct.plugins.nei.RecipeHandlerToolMaterials,usage
tconstruct.plugins.nei.RecipeHandlerMelting,usage
tconstruct.plugins.nei.RecipeHandlerAlloying,usage
tconstruct.plugins.nei.RecipeHandlerCastingTable,usage
tconstruct.plugins.nei.RecipeHandlerCastingBasin,usage
net.bdew.gendustry.nei.TemplateCraftingHandler,usage
net.bdew.gendustry.nei.MutagenProducerHandler,usage
net.bdew.gendustry.nei.MutatronHandler,usage
net.bdew.gendustry.nei.SamplerHandler,usage
net.bdew.gendustry.nei.ImprinterHandler,usage
net.bdew.gendustry.nei.ExtractorHandler,usage
net.bdew.gendustry.nei.LiquifierHandler,usage
net.bdew.gendustry.nei.ReplicatorHandler,usage
net.bdew.gendustry.nei.TransposerHandler,usage
com.cout970.magneticraft.compat.nei.CraftingCrusher,usage
com.cout970.magneticraft.compat.nei.CraftingGrinder,usage
com.cout970.magneticraft.compat.nei.CraftingPolymerizer,usage
com.cout970.magneticraft.compat.nei.CraftingBiomassBurner,usage
com.cout970.magneticraft.compat.nei.CraftingSifter,usage
net.bdew.neiaddons.botany.flowers.FlowerBreedingHandler,usage
net.bdew.neiaddons.forestry.bees.BeeBreedingHandler,usage
net.bdew.neiaddons.forestry.bees.BeeProduceHandler,usage
net.bdew.neiaddons.forestry.trees.TreeBreedingHandler,usage
net.bdew.neiaddons.forestry.trees.TreeProduceHandler,usage
net.bdew.neiaddons.forestry.butterflies.ButterflyBreedingHandler,usage
tonius.neiintegration.mods.mcforge.RecipeHandlerFluidRegistry,usage
tonius.neiintegration.mods.mcforge.RecipeHandlerOreDictionary,usage
tonius.neiintegration.mods.harvestcraft.RecipeHandlerApiary,usage
tonius.neiintegration.mods.harvestcraft.RecipeHandlerPresser,usage
tonius.neiintegration.mods.harvestcraft.RecipeHandlerOven,usage
tonius.neiintegration.mods.harvestcraft.RecipeHandlerChurn,usage
tonius.neiintegration.mods.harvestcraft.RecipeHandlerQuern,usage
tonius.neiintegration.mods.minefactoryreloaded.RecipeHandlerBioReactor,usage
tonius.neiintegration.mods.minefactoryreloaded.RecipeHandlerComposter,usage
tonius.neiintegration.mods.minefactoryreloaded.RecipeHandlerGrinder,usage
tonius.neiintegration.mods.minefactoryreloaded.RecipeHandlerHarvester,usage
tonius.neiintegration.mods.minefactoryreloaded.RecipeHandlerLaserDrill,usage
tonius.neiintegration.mods.minefactoryreloaded.RecipeHandlerLavaFabricator,usage
tonius.neiintegration.mods.minefactoryreloaded.RecipeHandlerMeatPacker,usage
tonius.neiintegration.mods.minefactoryreloaded.RecipeHandlerSewer,usage
tonius.neiintegration.mods.minefactoryreloaded.RecipeHandlerSlaughterhouse,usage
tonius.neiintegration.mods.minefactoryreloaded.RecipeHandlerSludgeBoiler,usage
tonius.neiintegration.mods.railcraft.RecipeHandlerBlastFurnace,usage
tonius.neiintegration.mods.railcraft.RecipeHandlerCokeOven,usage
tonius.neiintegration.mods.railcraft.RecipeHandlerRockCrusher,usage
tonius.neiintegration.mods.railcraft.RecipeHandlerRollingMachineShaped,usage
tonius.neiintegration.mods.railcraft.RecipeHandlerRollingMachineShapeless,usage
nc.crafting.nei.CrusherRecipeHandler,usage
nc.crafting.nei.CrusherFuelRecipeHandler,usage
nc.crafting.nei.MetalFurnaceRecipeHandler,usage
nc.crafting.nei.MetalFurnaceFuelRecipeHandler,usage
nc.crafting.nei.NuclearFurnaceRecipeHandler,usage
nc.crafting.nei.NuclearFurnaceFuelRecipeHandler,usage
nc.crafting.nei.ElectricCrusherRecipeHandler,usage
nc.crafting.nei.ElectricFurnaceRecipeHandler,usage
nc.crafting.nei.RecyclerRecipeHandler,usage
nc.crafting.nei.HastenerRecipeHandler,usage
nc.crafting.nei.SeparatorRecipeHandler,usage
nc.crafting.nei.NuclearWorkspaceRecipeHandler,usage
nc.crafting.nei.FissionRecipeHandler,usage
nc.crafting.nei.FissionSteamRecipeHandler,usage
nc.crafting.nei.CollectorRecipeHandler,usage
nc.crafting.nei.ElectrolyserRecipeHandler,usage
nc.crafting.nei.OxidiserRecipeHandler,usage
nc.crafting.nei.IoniserRecipeHandler,usage
nc.crafting.nei.FactoryRecipeHandler,usage
nc.crafting.nei.IrradiatorRecipeHandler,usage
nc.crafting.nei.CoolerRecipeHandler,usage
nc.crafting.nei.HeliumExtractorRecipeHandler,usage
nc.crafting.nei.AssemblerRecipeHandler,usage
nc.crafting.nei.FusionRecipeHandler,usage
nc.crafting.nei.FusionSteamRecipeHandler,usage
nc.crafting.nei.InfoUsageHandler,usage
pneumaticCraft.common.thirdparty.nei.NEIPressureChamberRecipeManager,usage
pneumaticCraft.common.thirdparty.nei.NEIAssemblyControllerRecipeManager,usage
pneumaticCraft.common.thirdparty.nei.NEIThermopneumaticProcessingPlantManager,usage
pneumaticCraft.common.thirdparty.nei.NEIRefineryManager,usage
pneumaticCraft.common.thirdparty.nei.NEIEtchingAcidManager,usage
pneumaticCraft.common.thirdparty.nei.NEIUVLightBoxManager,usage
pneumaticCraft.common.thirdparty.nei.NEIAmadronTradeManager,usage
pneumaticCraft.common.thirdparty.nei.NEIPlasticMixerManager,usage
com.djgiannuzz.thaumcraftneiplugin.nei.recipehandler.ArcaneShapedRecipeHandler,usage
com.djgiannuzz.thaumcraftneiplugin.nei.recipehandler.ArcaneShapelessRecipeHandler,usage
com.djgiannuzz.thaumcraftneiplugin.nei.recipehandler.CrucibleRecipeHandler,usage
com.djgiannuzz.thaumcraftneiplugin.nei.recipehandler.InfusionRecipeHandler,usage
com.djgiannuzz.thaumcraftneiplugin.nei.recipehandler.AspectRecipeHandler,usage
com.emoniph.witchery.integration.NEIWitchesOvenRecipeHandler,usage
com.emoniph.witchery.integration.NEIDistilleryRecipeHandler,usage
com.emoniph.witchery.integration.NEICauldronRecipeHandler,usage
com.emoniph.witchery.integration.NEISpinningWheelRecipeHandler,usage
